variant,slot,local,half_local,signed_distance,baseline_distance,actual_delta,best_odd_cycle_len_at_slot,odd_cycle_count_containing_slot,has_odd_triangle
original,0,0,30,3,4,-1,3,2930,True
original,0,1,31,3,3,0,3,2930,True
original,0,2,32,2,2,0,3,2930,True
original,0,3,33,3,3,0,3,2930,True
original,0,4,34,3,4,-1,3,2930,True
original,0,5,35,3,6,-3,3,2930,True
original,0,6,36,3,4,-1,3,2930,True
original,0,7,37,2,2,0,3,2930,True
original,0,8,38,2,2,0,3,2930,True
original,0,9,39,3,4,-1,3,2930,True
original,0,10,40,2,2,0,3,2930,True
original,0,11,41,3,3,0,3,2930,True
original,0,12,42,3,4,-1,3,2930,True
original,0,13,43,3,4,-1,3,2930,True
original,0,14,44,3,3,0,3,2930,True
original,0,15,45,2,2,0,3,2930,True
original,0,16,46,3,3,0,3,2930,True
original,0,17,47,3,4,-1,3,2930,True
original,0,18,48,3,4,-1,3,2930,True
original,0,19,49,3,3,0,3,2930,True
original,0,20,50,2,2,0,3,2930,True
original,0,21,51,3,3,0,3,2930,True
original,0,22,52,3,4,-1,3,2930,True
original,0,23,53,3,4,-1,3,2930,True
original,0,24,54,3,3,0,3,2930,True
original,0,25,55,2,2,0,3,2930,True
original,0,26,56,3,3,0,3,2930,True
original,0,27,57,3,4,-1,3,2930,True
original,0,28,58,3,4,-1,3,2930,True
original,0,29,59,3,3,0,3,2930,True
original,0,30,0,3,4,-1,3,2930,True
original,0,31,1,3,3,0,3,2930,True
original,0,32,2,2,2,0,3,2930,True
original,0,33,3,3,3,0,3,2930,True
original,0,34,4,3,4,-1,3,2930,True
original,0,35,5,3,6,-3,3,2930,True
original,0,36,6,3,4,-1,3,2930,True
original,0,37,7,2,2,0,3,2930,True
original,0,38,8,2,2,0,3,2930,True
original,0,39,9,3,4,-1,3,2930,True
original,0,40,10,2,2,0,3,2930,True
original,0,41,11,3,3,0,3,2930,True
original,0,42,12,3,4,-1,3,2930,True
original,0,43,13,3,4,-1,3,2930,True
original,0,44,14,3,3,0,3,2930,True
original,0,45,15,2,2,0,3,2930,True
original,0,46,16,3,3,0,3,2930,True
original,0,47,17,3,4,-1,3,2930,True
original,0,48,18,3,4,-1,3,2930,True
original,0,49,19,3,3,0,3,2930,True
original,0,50,20,2,2,0,3,2930,True
original,0,51,21,3,3,0,3,2930,True
original,0,52,22,3,4,-1,3,2930,True
original,0,53,23,3,4,-1,3,2930,True
original,0,54,24,3,3,0,3,2930,True
original,0,55,25,2,2,0,3,2930,True
original,0,56,26,3,3,0,3,2930,True
original,0,57,27,3,4,-1,3,2930,True
original,0,58,28,3,4,-1,3,2930,True
original,0,59,29,3,3,0,3,2930,True
original,1,0,30,3,4,-1,3,2930,True
original,1,1,31,3,3,0,3,2930,True
original,1,2,32,2,2,0,3,2930,True
original,1,3,33,3,3,0,3,2930,True
original,1,4,34,3,4,-1,3,2930,True
original,1,5,35,3,6,-3,3,2930,True
original,1,6,36,3,4,-1,3,2930,True
original,1,7,37,2,2,0,3,2930,True
original,1,8,38,2,2,0,3,2930,True
original,1,9,39,3,4,-1,3,2930,True
original,1,10,40,2,2,0,3,2930,True
original,1,11,41,3,3,0,3,2930,True
original,1,12,42,3,4,-1,3,2930,True
original,1,13,43,3,4,-1,3,2930,True
original,1,14,44,3,3,0,3,2930,True
original,1,15,45,2,2,0,3,2930,True
original,1,16,46,3,3,0,3,2930,True
original,1,17,47,3,4,-1,3,2930,True
original,1,18,48,3,4,-1,3,2930,True
original,1,19,49,3,3,0,3,2930,True
original,1,20,50,2,2,0,3,2930,True
original,1,21,51,3,3,0,3,2930,True
original,1,22,52,3,4,-1,3,2930,True
original,1,23,53,3,4,-1,3,2930,True
original,1,24,54,3,3,0,3,2930,True
original,1,25,55,2,2,0,3,2930,True
original,1,26,56,3,3,0,3,2930,True
original,1,27,57,3,4,-1,3,2930,True
original,1,28,58,3,4,-1,3,2930,True
original,1,29,59,3,3,0,3,2930,True
original,1,30,0,3,4,-1,3,2930,True
original,1,31,1,3,3,0,3,2930,True
original,1,32,2,2,2,0,3,2930,True
original,1,33,3,3,3,0,3,2930,True
original,1,34,4,3,4,-1,3,2930,True
original,1,35,5,3,6,-3,3,2930,True
original,1,36,6,3,4,-1,3,2930,True
original,1,37,7,2,2,0,3,2930,True
original,1,38,8,2,2,0,3,2930,True
original,1,39,9,3,4,-1,3,2930,True
original,1,40,10,2,2,0,3,2930,True
original,1,41,11,3,3,0,3,2930,True
original,1,42,12,3,4,-1,3,2930,True
original,1,43,13,3,4,-1,3,2930,True
original,1,44,14,3,3,0,3,2930,True
original,1,45,15,2,2,0,3,2930,True
original,1,46,16,3,3,0,3,2930,True
original,1,47,17,3,4,-1,3,2930,True
original,1,48,18,3,4,-1,3,2930,True
original,1,49,19,3,3,0,3,2930,True
original,1,50,20,2,2,0,3,2930,True
original,1,51,21,3,3,0,3,2930,True
original,1,52,22,3,4,-1,3,2930,True
original,1,53,23,3,4,-1,3,2930,True
original,1,54,24,3,3,0,3,2930,True
original,1,55,25,2,2,0,3,2930,True
original,1,56,26,3,3,0,3,2930,True
original,1,57,27,3,4,-1,3,2930,True
original,1,58,28,3,4,-1,3,2930,True
original,1,59,29,3,3,0,3,2930,True
original,2,0,30,3,4,-1,3,2898,True
original,2,1,31,3,3,0,3,2898,True
original,2,2,32,2,2,0,3,2898,True
original,2,3,33,3,3,0,3,2898,True
original,2,4,34,3,4,-1,3,2898,True
original,2,5,35,3,6,-3,3,2898,True
original,2,6,36,3,4,-1,3,2898,True
original,2,7,37,2,2,0,3,2898,True
original,2,8,38,2,2,0,3,2898,True
original,2,9,39,3,4,-1,3,2898,True
original,2,10,40,2,2,0,3,2898,True
original,2,11,41,3,3,0,3,2898,True
original,2,12,42,3,4,-1,3,2898,True
original,2,13,43,3,4,-1,3,2898,True
original,2,14,44,3,3,0,3,2898,True
original,2,15,45,2,2,0,3,2898,True
original,2,16,46,3,3,0,3,2898,True
original,2,17,47,3,4,-1,3,2898,True
original,2,18,48,3,4,-1,3,2898,True
original,2,19,49,3,3,0,3,2898,True
original,2,20,50,2,2,0,3,2898,True
original,2,21,51,3,3,0,3,2898,True
original,2,22,52,3,4,-1,3,2898,True
original,2,23,53,3,4,-1,3,2898,True
original,2,24,54,3,3,0,3,2898,True
original,2,25,55,2,2,0,3,2898,True
original,2,26,56,3,3,0,3,2898,True
original,2,27,57,3,4,-1,3,2898,True
original,2,28,58,3,4,-1,3,2898,True
original,2,29,59,3,3,0,3,2898,True
original,2,30,0,3,4,-1,3,2898,True
original,2,31,1,3,3,0,3,2898,True
original,2,32,2,2,2,0,3,2898,True
original,2,33,3,3,3,0,3,2898,True
original,2,34,4,3,4,-1,3,2898,True
original,2,35,5,3,6,-3,3,2898,True
original,2,36,6,3,4,-1,3,2898,True
original,2,37,7,2,2,0,3,2898,True
original,2,38,8,2,2,0,3,2898,True
original,2,39,9,3,4,-1,3,2898,True
original,2,40,10,2,2,0,3,2898,True
original,2,41,11,3,3,0,3,2898,True
original,2,42,12,3,4,-1,3,2898,True
original,2,43,13,3,4,-1,3,2898,True
original,2,44,14,3,3,0,3,2898,True
original,2,45,15,2,2,0,3,2898,True
original,2,46,16,3,3,0,3,2898,True
original,2,47,17,3,4,-1,3,2898,True
original,2,48,18,3,4,-1,3,2898,True
original,2,49,19,3,3,0,3,2898,True
original,2,50,20,2,2,0,3,2898,True
original,2,51,21,3,3,0,3,2898,True
original,2,52,22,3,4,-1,3,2898,True
original,2,53,23,3,4,-1,3,2898,True
original,2,54,24,3,3,0,3,2898,True
original,2,55,25,2,2,0,3,2898,True
original,2,56,26,3,3,0,3,2898,True
original,2,57,27,3,4,-1,3,2898,True
original,2,58,28,3,4,-1,3,2898,True
original,2,59,29,3,3,0,3,2898,True
original,3,0,30,3,4,-1,3,2913,True
original,3,1,31,3,3,0,3,2913,True
original,3,2,32,2,2,0,3,2913,True
original,3,3,33,3,3,0,3,2913,True
original,3,4,34,3,4,-1,3,2913,True
original,3,5,35,3,6,-3,3,2913,True
original,3,6,36,3,4,-1,3,2913,True
original,3,7,37,2,2,0,3,2913,True
original,3,8,38,2,2,0,3,2913,True
original,3,9,39,3,4,-1,3,2913,True
original,3,10,40,2,2,0,3,2913,True
original,3,11,41,3,3,0,3,2913,True
original,3,12,42,3,4,-1,3,2913,True
original,3,13,43,3,4,-1,3,2913,True
original,3,14,44,3,3,0,3,2913,True
original,3,15,45,2,2,0,3,2913,True
original,3,16,46,3,3,0,3,2913,True
original,3,17,47,3,4,-1,3,2913,True
original,3,18,48,3,4,-1,3,2913,True
original,3,19,49,3,3,0,3,2913,True
original,3,20,50,2,2,0,3,2913,True
original,3,21,51,3,3,0,3,2913,True
original,3,22,52,3,4,-1,3,2913,True
original,3,23,53,3,4,-1,3,2913,True
original,3,24,54,3,3,0,3,2913,True
original,3,25,55,2,2,0,3,2913,True
original,3,26,56,3,3,0,3,2913,True
original,3,27,57,3,4,-1,3,2913,True
original,3,28,58,3,4,-1,3,2913,True
original,3,29,59,3,3,0,3,2913,True
original,3,30,0,3,4,-1,3,2913,True
original,3,31,1,3,3,0,3,2913,True
original,3,32,2,2,2,0,3,2913,True
original,3,33,3,3,3,0,3,2913,True
original,3,34,4,3,4,-1,3,2913,True
original,3,35,5,3,6,-3,3,2913,True
original,3,36,6,3,4,-1,3,2913,True
original,3,37,7,2,2,0,3,2913,True
original,3,38,8,2,2,0,3,2913,True
original,3,39,9,3,4,-1,3,2913,True
original,3,40,10,2,2,0,3,2913,True
original,3,41,11,3,3,0,3,2913,True
original,3,42,12,3,4,-1,3,2913,True
original,3,43,13,3,4,-1,3,2913,True
original,3,44,14,3,3,0,3,2913,True
original,3,45,15,2,2,0,3,2913,True
original,3,46,16,3,3,0,3,2913,True
original,3,47,17,3,4,-1,3,2913,True
original,3,48,18,3,4,-1,3,2913,True
original,3,49,19,3,3,0,3,2913,True
original,3,50,20,2,2,0,3,2913,True
original,3,51,21,3,3,0,3,2913,True
original,3,52,22,3,4,-1,3,2913,True
original,3,53,23,3,4,-1,3,2913,True
original,3,54,24,3,3,0,3,2913,True
original,3,55,25,2,2,0,3,2913,True
original,3,56,26,3,3,0,3,2913,True
original,3,57,27,3,4,-1,3,2913,True
original,3,58,28,3,4,-1,3,2913,True
original,3,59,29,3,3,0,3,2913,True
original,4,0,30,3,4,-1,3,2913,True
original,4,1,31,3,3,0,3,2913,True
original,4,2,32,2,2,0,3,2913,True
original,4,3,33,3,3,0,3,2913,True
original,4,4,34,3,4,-1,3,2913,True
original,4,5,35,3,6,-3,3,2913,True
original,4,6,36,3,4,-1,3,2913,True
original,4,7,37,2,2,0,3,2913,True
original,4,8,38,2,2,0,3,2913,True
original,4,9,39,3,4,-1,3,2913,True
original,4,10,40,2,2,0,3,2913,True
original,4,11,41,3,3,0,3,2913,True
original,4,12,42,3,4,-1,3,2913,True
original,4,13,43,3,4,-1,3,2913,True
original,4,14,44,3,3,0,3,2913,True
original,4,15,45,2,2,0,3,2913,True
original,4,16,46,3,3,0,3,2913,True
original,4,17,47,3,4,-1,3,2913,True
original,4,18,48,3,4,-1,3,2913,True
original,4,19,49,3,3,0,3,2913,True
original,4,20,50,2,2,0,3,2913,True
original,4,21,51,3,3,0,3,2913,True
original,4,22,52,3,4,-1,3,2913,True
original,4,23,53,3,4,-1,3,2913,True
original,4,24,54,3,3,0,3,2913,True
original,4,25,55,2,2,0,3,2913,True
original,4,26,56,3,3,0,3,2913,True
original,4,27,57,3,4,-1,3,2913,True
original,4,28,58,3,4,-1,3,2913,True
original,4,29,59,3,3,0,3,2913,True
original,4,30,0,3,4,-1,3,2913,True
original,4,31,1,3,3,0,3,2913,True
original,4,32,2,2,2,0,3,2913,True
original,4,33,3,3,3,0,3,2913,True
original,4,34,4,3,4,-1,3,2913,True
original,4,35,5,3,6,-3,3,2913,True
original,4,36,6,3,4,-1,3,2913,True
original,4,37,7,2,2,0,3,2913,True
original,4,38,8,2,2,0,3,2913,True
original,4,39,9,3,4,-1,3,2913,True
original,4,40,10,2,2,0,3,2913,True
original,4,41,11,3,3,0,3,2913,True
original,4,42,12,3,4,-1,3,2913,True
original,4,43,13,3,4,-1,3,2913,True
original,4,44,14,3,3,0,3,2913,True
original,4,45,15,2,2,0,3,2913,True
original,4,46,16,3,3,0,3,2913,True
original,4,47,17,3,4,-1,3,2913,True
original,4,48,18,3,4,-1,3,2913,True
original,4,49,19,3,3,0,3,2913,True
original,4,50,20,2,2,0,3,2913,True
original,4,51,21,3,3,0,3,2913,True
original,4,52,22,3,4,-1,3,2913,True
original,4,53,23,3,4,-1,3,2913,True
original,4,54,24,3,3,0,3,2913,True
original,4,55,25,2,2,0,3,2913,True
original,4,56,26,3,3,0,3,2913,True
original,4,57,27,3,4,-1,3,2913,True
original,4,58,28,3,4,-1,3,2913,True
original,4,59,29,3,3,0,3,2913,True
original,5,0,30,3,4,-1,3,2898,True
original,5,1,31,3,3,0,3,2898,True
original,5,2,32,2,2,0,3,2898,True
original,5,3,33,3,3,0,3,2898,True
original,5,4,34,3,4,-1,3,2898,True
original,5,5,35,3,6,-3,3,2898,True
original,5,6,36,3,4,-1,3,2898,True
original,5,7,37,2,2,0,3,2898,True
original,5,8,38,2,2,0,3,2898,True
original,5,9,39,3,4,-1,3,2898,True
original,5,10,40,2,2,0,3,2898,True
original,5,11,41,3,3,0,3,2898,True
original,5,12,42,3,4,-1,3,2898,True
original,5,13,43,3,4,-1,3,2898,True
original,5,14,44,3,3,0,3,2898,True
original,5,15,45,2,2,0,3,2898,True
original,5,16,46,3,3,0,3,2898,True
original,5,17,47,3,4,-1,3,2898,True
original,5,18,48,3,4,-1,3,2898,True
original,5,19,49,3,3,0,3,2898,True
original,5,20,50,2,2,0,3,2898,True
original,5,21,51,3,3,0,3,2898,True
original,5,22,52,3,4,-1,3,2898,True
original,5,23,53,3,4,-1,3,2898,True
original,5,24,54,3,3,0,3,2898,True
original,5,25,55,2,2,0,3,2898,True
original,5,26,56,3,3,0,3,2898,True
original,5,27,57,3,4,-1,3,2898,True
original,5,28,58,3,4,-1,3,2898,True
original,5,29,59,3,3,0,3,2898,True
original,5,30,0,3,4,-1,3,2898,True
original,5,31,1,3,3,0,3,2898,True
original,5,32,2,2,2,0,3,2898,True
original,5,33,3,3,3,0,3,2898,True
original,5,34,4,3,4,-1,3,2898,True
original,5,35,5,3,6,-3,3,2898,True
original,5,36,6,3,4,-1,3,2898,True
original,5,37,7,2,2,0,3,2898,True
original,5,38,8,2,2,0,3,2898,True
original,5,39,9,3,4,-1,3,2898,True
original,5,40,10,2,2,0,3,2898,True
original,5,41,11,3,3,0,3,2898,True
original,5,42,12,3,4,-1,3,2898,True
original,5,43,13,3,4,-1,3,2898,True
original,5,44,14,3,3,0,3,2898,True
original,5,45,15,2,2,0,3,2898,True
original,5,46,16,3,3,0,3,2898,True
original,5,47,17,3,4,-1,3,2898,True
original,5,48,18,3,4,-1,3,2898,True
original,5,49,19,3,3,0,3,2898,True
original,5,50,20,2,2,0,3,2898,True
original,5,51,21,3,3,0,3,2898,True
original,5,52,22,3,4,-1,3,2898,True
original,5,53,23,3,4,-1,3,2898,True
original,5,54,24,3,3,0,3,2898,True
original,5,55,25,2,2,0,3,2898,True
original,5,56,26,3,3,0,3,2898,True
original,5,57,27,3,4,-1,3,2898,True
original,5,58,28,3,4,-1,3,2898,True
original,5,59,29,3,3,0,3,2898,True
original,6,0,30,3,4,-1,3,2913,True
original,6,1,31,3,3,0,3,2913,True
original,6,2,32,2,2,0,3,2913,True
original,6,3,33,3,3,0,3,2913,True
original,6,4,34,3,4,-1,3,2913,True
original,6,5,35,3,6,-3,3,2913,True
original,6,6,36,3,4,-1,3,2913,True
original,6,7,37,2,2,0,3,2913,True
original,6,8,38,2,2,0,3,2913,True
original,6,9,39,3,4,-1,3,2913,True
original,6,10,40,2,2,0,3,2913,True
original,6,11,41,3,3,0,3,2913,True
original,6,12,42,3,4,-1,3,2913,True
original,6,13,43,3,4,-1,3,2913,True
original,6,14,44,3,3,0,3,2913,True
original,6,15,45,2,2,0,3,2913,True
original,6,16,46,3,3,0,3,2913,True
original,6,17,47,3,4,-1,3,2913,True
original,6,18,48,3,4,-1,3,2913,True
original,6,19,49,3,3,0,3,2913,True
original,6,20,50,2,2,0,3,2913,True
original,6,21,51,3,3,0,3,2913,True
original,6,22,52,3,4,-1,3,2913,True
original,6,23,53,3,4,-1,3,2913,True
original,6,24,54,3,3,0,3,2913,True
original,6,25,55,2,2,0,3,2913,True
original,6,26,56,3,3,0,3,2913,True
original,6,27,57,3,4,-1,3,2913,True
original,6,28,58,3,4,-1,3,2913,True
original,6,29,59,3,3,0,3,2913,True
original,6,30,0,3,4,-1,3,2913,True
original,6,31,1,3,3,0,3,2913,True
original,6,32,2,2,2,0,3,2913,True
original,6,33,3,3,3,0,3,2913,True
original,6,34,4,3,4,-1,3,2913,True
original,6,35,5,3,6,-3,3,2913,True
original,6,36,6,3,4,-1,3,2913,True
original,6,37,7,2,2,0,3,2913,True
original,6,38,8,2,2,0,3,2913,True
original,6,39,9,3,4,-1,3,2913,True
original,6,40,10,2,2,0,3,2913,True
original,6,41,11,3,3,0,3,2913,True
original,6,42,12,3,4,-1,3,2913,True
original,6,43,13,3,4,-1,3,2913,True
original,6,44,14,3,3,0,3,2913,True
original,6,45,15,2,2,0,3,2913,True
original,6,46,16,3,3,0,3,2913,True
original,6,47,17,3,4,-1,3,2913,True
original,6,48,18,3,4,-1,3,2913,True
original,6,49,19,3,3,0,3,2913,True
original,6,50,20,2,2,0,3,2913,True
original,6,51,21,3,3,0,3,2913,True
original,6,52,22,3,4,-1,3,2913,True
original,6,53,23,3,4,-1,3,2913,True
original,6,54,24,3,3,0,3,2913,True
original,6,55,25,2,2,0,3,2913,True
original,6,56,26,3,3,0,3,2913,True
original,6,57,27,3,4,-1,3,2913,True
original,6,58,28,3,4,-1,3,2913,True
original,6,59,29,3,3,0,3,2913,True
original,7,0,30,3,4,-1,3,2913,True
original,7,1,31,3,3,0,3,2913,True
original,7,2,32,2,2,0,3,2913,True
original,7,3,33,3,3,0,3,2913,True
original,7,4,34,3,4,-1,3,2913,True
original,7,5,35,3,6,-3,3,2913,True
original,7,6,36,3,4,-1,3,2913,True
original,7,7,37,2,2,0,3,2913,True
original,7,8,38,2,2,0,3,2913,True
original,7,9,39,3,4,-1,3,2913,True
original,7,10,40,2,2,0,3,2913,True
original,7,11,41,3,3,0,3,2913,True
original,7,12,42,3,4,-1,3,2913,True
original,7,13,43,3,4,-1,3,2913,True
original,7,14,44,3,3,0,3,2913,True
original,7,15,45,2,2,0,3,2913,True
original,7,16,46,3,3,0,3,2913,True
original,7,17,47,3,4,-1,3,2913,True
original,7,18,48,3,4,-1,3,2913,True
original,7,19,49,3,3,0,3,2913,True
original,7,20,50,2,2,0,3,2913,True
original,7,21,51,3,3,0,3,2913,True
original,7,22,52,3,4,-1,3,2913,True
original,7,23,53,3,4,-1,3,2913,True
original,7,24,54,3,3,0,3,2913,True
original,7,25,55,2,2,0,3,2913,True
original,7,26,56,3,3,0,3,2913,True
original,7,27,57,3,4,-1,3,2913,True
original,7,28,58,3,4,-1,3,2913,True
original,7,29,59,3,3,0,3,2913,True
original,7,30,0,3,4,-1,3,2913,True
original,7,31,1,3,3,0,3,2913,True
original,7,32,2,2,2,0,3,2913,True
original,7,33,3,3,3,0,3,2913,True
original,7,34,4,3,4,-1,3,2913,True
original,7,35,5,3,6,-3,3,2913,True
original,7,36,6,3,4,-1,3,2913,True
original,7,37,7,2,2,0,3,2913,True
original,7,38,8,2,2,0,3,2913,True
original,7,39,9,3,4,-1,3,2913,True
original,7,40,10,2,2,0,3,2913,True
original,7,41,11,3,3,0,3,2913,True
original,7,42,12,3,4,-1,3,2913,True
original,7,43,13,3,4,-1,3,2913,True
original,7,44,14,3,3,0,3,2913,True
original,7,45,15,2,2,0,3,2913,True
original,7,46,16,3,3,0,3,2913,True
original,7,47,17,3,4,-1,3,2913,True
original,7,48,18,3,4,-1,3,2913,True
original,7,49,19,3,3,0,3,2913,True
original,7,50,20,2,2,0,3,2913,True
original,7,51,21,3,3,0,3,2913,True
original,7,52,22,3,4,-1,3,2913,True
original,7,53,23,3,4,-1,3,2913,True
original,7,54,24,3,3,0,3,2913,True
original,7,55,25,2,2,0,3,2913,True
original,7,56,26,3,3,0,3,2913,True
original,7,57,27,3,4,-1,3,2913,True
original,7,58,28,3,4,-1,3,2913,True
original,7,59,29,3,3,0,3,2913,True
original,8,0,30,3,4,-1,3,2909,True
original,8,1,31,3,3,0,3,2909,True
original,8,2,32,2,2,0,3,2909,True
original,8,3,33,3,3,0,3,2909,True
original,8,4,34,3,4,-1,3,2909,True
original,8,5,35,3,6,-3,3,2909,True
original,8,6,36,3,4,-1,3,2909,True
original,8,7,37,2,2,0,3,2909,True
original,8,8,38,2,2,0,3,2909,True
original,8,9,39,3,4,-1,3,2909,True
original,8,10,40,2,2,0,3,2909,True
original,8,11,41,3,3,0,3,2909,True
original,8,12,42,3,4,-1,3,2909,True
original,8,13,43,3,4,-1,3,2909,True
original,8,14,44,3,3,0,3,2909,True
original,8,15,45,2,2,0,3,2909,True
original,8,16,46,3,3,0,3,2909,True
original,8,17,47,3,4,-1,3,2909,True
original,8,18,48,3,4,-1,3,2909,True
original,8,19,49,3,3,0,3,2909,True
original,8,20,50,2,2,0,3,2909,True
original,8,21,51,3,3,0,3,2909,True
original,8,22,52,3,4,-1,3,2909,True
original,8,23,53,3,4,-1,3,2909,True
original,8,24,54,3,3,0,3,2909,True
original,8,25,55,2,2,0,3,2909,True
original,8,26,56,3,3,0,3,2909,True
original,8,27,57,3,4,-1,3,2909,True
original,8,28,58,3,4,-1,3,2909,True
original,8,29,59,3,3,0,3,2909,True
original,8,30,0,3,4,-1,3,2909,True
original,8,31,1,3,3,0,3,2909,True
original,8,32,2,2,2,0,3,2909,True
original,8,33,3,3,3,0,3,2909,True
original,8,34,4,3,4,-1,3,2909,True
original,8,35,5,3,6,-3,3,2909,True
original,8,36,6,3,4,-1,3,2909,True
original,8,37,7,2,2,0,3,2909,True
original,8,38,8,2,2,0,3,2909,True
original,8,39,9,3,4,-1,3,2909,True
original,8,40,10,2,2,0,3,2909,True
original,8,41,11,3,3,0,3,2909,True
original,8,42,12,3,4,-1,3,2909,True
original,8,43,13,3,4,-1,3,2909,True
original,8,44,14,3,3,0,3,2909,True
original,8,45,15,2,2,0,3,2909,True
original,8,46,16,3,3,0,3,2909,True
original,8,47,17,3,4,-1,3,2909,True
original,8,48,18,3,4,-1,3,2909,True
original,8,49,19,3,3,0,3,2909,True
original,8,50,20,2,2,0,3,2909,True
original,8,51,21,3,3,0,3,2909,True
original,8,52,22,3,4,-1,3,2909,True
original,8,53,23,3,4,-1,3,2909,True
original,8,54,24,3,3,0,3,2909,True
original,8,55,25,2,2,0,3,2909,True
original,8,56,26,3,3,0,3,2909,True
original,8,57,27,3,4,-1,3,2909,True
original,8,58,28,3,4,-1,3,2909,True
original,8,59,29,3,3,0,3,2909,True
original,9,0,30,4,4,0,5,2908,False
original,9,1,31,3,3,0,5,2908,False
original,9,2,32,2,2,0,5,2908,False
original,9,3,33,3,3,0,5,2908,False
original,9,4,34,4,4,0,5,2908,False
original,9,5,35,5,6,-1,5,2908,False
original,9,6,36,4,4,0,5,2908,False
original,9,7,37,2,2,0,5,2908,False
original,9,8,38,2,2,0,5,2908,False
original,9,9,39,4,4,0,5,2908,False
original,9,10,40,2,2,0,5,2908,False
original,9,11,41,3,3,0,5,2908,False
original,9,12,42,4,4,0,5,2908,False
original,9,13,43,4,4,0,5,2908,False
original,9,14,44,3,3,0,5,2908,False
original,9,15,45,2,2,0,5,2908,False
original,9,16,46,3,3,0,5,2908,False
original,9,17,47,4,4,0,5,2908,False
original,9,18,48,4,4,0,5,2908,False
original,9,19,49,3,3,0,5,2908,False
original,9,20,50,2,2,0,5,2908,False
original,9,21,51,3,3,0,5,2908,False
original,9,22,52,4,4,0,5,2908,False
original,9,23,53,4,4,0,5,2908,False
original,9,24,54,3,3,0,5,2908,False
original,9,25,55,2,2,0,5,2908,False
original,9,26,56,3,3,0,5,2908,False
original,9,27,57,4,4,0,5,2908,False
original,9,28,58,4,4,0,5,2908,False
original,9,29,59,3,3,0,5,2908,False
original,9,30,0,4,4,0,5,2908,False
original,9,31,1,3,3,0,5,2908,False
original,9,32,2,2,2,0,5,2908,False
original,9,33,3,3,3,0,5,2908,False
original,9,34,4,4,4,0,5,2908,False
original,9,35,5,5,6,-1,5,2908,False
original,9,36,6,4,4,0,5,2908,False
original,9,37,7,2,2,0,5,2908,False
original,9,38,8,2,2,0,5,2908,False
original,9,39,9,4,4,0,5,2908,False
original,9,40,10,2,2,0,5,2908,False
original,9,41,11,3,3,0,5,2908,False
original,9,42,12,4,4,0,5,2908,False
original,9,43,13,4,4,0,5,2908,False
original,9,44,14,3,3,0,5,2908,False
original,9,45,15,2,2,0,5,2908,False
original,9,46,16,3,3,0,5,2908,False
original,9,47,17,4,4,0,5,2908,False
original,9,48,18,4,4,0,5,2908,False
original,9,49,19,3,3,0,5,2908,False
original,9,50,20,2,2,0,5,2908,False
original,9,51,21,3,3,0,5,2908,False
original,9,52,22,4,4,0,5,2908,False
original,9,53,23,4,4,0,5,2908,False
original,9,54,24,3,3,0,5,2908,False
original,9,55,25,2,2,0,5,2908,False
original,9,56,26,3,3,0,5,2908,False
original,9,57,27,4,4,0,5,2908,False
original,9,58,28,4,4,0,5,2908,False
original,9,59,29,3,3,0,5,2908,False
original,10,0,30,3,4,-1,3,2913,True
original,10,1,31,3,3,0,3,2913,True
original,10,2,32,2,2,0,3,2913,True
original,10,3,33,3,3,0,3,2913,True
original,10,4,34,3,4,-1,3,2913,True
original,10,5,35,3,6,-3,3,2913,True
original,10,6,36,3,4,-1,3,2913,True
original,10,7,37,2,2,0,3,2913,True
original,10,8,38,2,2,0,3,2913,True
original,10,9,39,3,4,-1,3,2913,True
original,10,10,40,2,2,0,3,2913,True
original,10,11,41,3,3,0,3,2913,True
original,10,12,42,3,4,-1,3,2913,True
original,10,13,43,3,4,-1,3,2913,True
original,10,14,44,3,3,0,3,2913,True
original,10,15,45,2,2,0,3,2913,True
original,10,16,46,3,3,0,3,2913,True
original,10,17,47,3,4,-1,3,2913,True
original,10,18,48,3,4,-1,3,2913,True
original,10,19,49,3,3,0,3,2913,True
original,10,20,50,2,2,0,3,2913,True
original,10,21,51,3,3,0,3,2913,True
original,10,22,52,3,4,-1,3,2913,True
original,10,23,53,3,4,-1,3,2913,True
original,10,24,54,3,3,0,3,2913,True
original,10,25,55,2,2,0,3,2913,True
original,10,26,56,3,3,0,3,2913,True
original,10,27,57,3,4,-1,3,2913,True
original,10,28,58,3,4,-1,3,2913,True
original,10,29,59,3,3,0,3,2913,True
original,10,30,0,3,4,-1,3,2913,True
original,10,31,1,3,3,0,3,2913,True
original,10,32,2,2,2,0,3,2913,True
original,10,33,3,3,3,0,3,2913,True
original,10,34,4,3,4,-1,3,2913,True
original,10,35,5,3,6,-3,3,2913,True
original,10,36,6,3,4,-1,3,2913,True
original,10,37,7,2,2,0,3,2913,True
original,10,38,8,2,2,0,3,2913,True
original,10,39,9,3,4,-1,3,2913,True
original,10,40,10,2,2,0,3,2913,True
original,10,41,11,3,3,0,3,2913,True
original,10,42,12,3,4,-1,3,2913,True
original,10,43,13,3,4,-1,3,2913,True
original,10,44,14,3,3,0,3,2913,True
original,10,45,15,2,2,0,3,2913,True
original,10,46,16,3,3,0,3,2913,True
original,10,47,17,3,4,-1,3,2913,True
original,10,48,18,3,4,-1,3,2913,True
original,10,49,19,3,3,0,3,2913,True
original,10,50,20,2,2,0,3,2913,True
original,10,51,21,3,3,0,3,2913,True
original,10,52,22,3,4,-1,3,2913,True
original,10,53,23,3,4,-1,3,2913,True
original,10,54,24,3,3,0,3,2913,True
original,10,55,25,2,2,0,3,2913,True
original,10,56,26,3,3,0,3,2913,True
original,10,57,27,3,4,-1,3,2913,True
original,10,58,28,3,4,-1,3,2913,True
original,10,59,29,3,3,0,3,2913,True
original,11,0,30,4,4,0,5,2908,False
original,11,1,31,3,3,0,5,2908,False
original,11,2,32,2,2,0,5,2908,False
original,11,3,33,3,3,0,5,2908,False
original,11,4,34,4,4,0,5,2908,False
original,11,5,35,5,6,-1,5,2908,False
original,11,6,36,4,4,0,5,2908,False
original,11,7,37,2,2,0,5,2908,False
original,11,8,38,2,2,0,5,2908,False
original,11,9,39,4,4,0,5,2908,False
original,11,10,40,2,2,0,5,2908,False
original,11,11,41,3,3,0,5,2908,False
original,11,12,42,4,4,0,5,2908,False
original,11,13,43,4,4,0,5,2908,False
original,11,14,44,3,3,0,5,2908,False
original,11,15,45,2,2,0,5,2908,False
original,11,16,46,3,3,0,5,2908,False
original,11,17,47,4,4,0,5,2908,False
original,11,18,48,4,4,0,5,2908,False
original,11,19,49,3,3,0,5,2908,False
original,11,20,50,2,2,0,5,2908,False
original,11,21,51,3,3,0,5,2908,False
original,11,22,52,4,4,0,5,2908,False
original,11,23,53,4,4,0,5,2908,False
original,11,24,54,3,3,0,5,2908,False
original,11,25,55,2,2,0,5,2908,False
original,11,26,56,3,3,0,5,2908,False
original,11,27,57,4,4,0,5,2908,False
original,11,28,58,4,4,0,5,2908,False
original,11,29,59,3,3,0,5,2908,False
original,11,30,0,4,4,0,5,2908,False
original,11,31,1,3,3,0,5,2908,False
original,11,32,2,2,2,0,5,2908,False
original,11,33,3,3,3,0,5,2908,False
original,11,34,4,4,4,0,5,2908,False
original,11,35,5,5,6,-1,5,2908,False
original,11,36,6,4,4,0,5,2908,False
original,11,37,7,2,2,0,5,2908,False
original,11,38,8,2,2,0,5,2908,False
original,11,39,9,4,4,0,5,2908,False
original,11,40,10,2,2,0,5,2908,False
original,11,41,11,3,3,0,5,2908,False
original,11,42,12,4,4,0,5,2908,False
original,11,43,13,4,4,0,5,2908,False
original,11,44,14,3,3,0,5,2908,False
original,11,45,15,2,2,0,5,2908,False
original,11,46,16,3,3,0,5,2908,False
original,11,47,17,4,4,0,5,2908,False
original,11,48,18,4,4,0,5,2908,False
original,11,49,19,3,3,0,5,2908,False
original,11,50,20,2,2,0,5,2908,False
original,11,51,21,3,3,0,5,2908,False
original,11,52,22,4,4,0,5,2908,False
original,11,53,23,4,4,0,5,2908,False
original,11,54,24,3,3,0,5,2908,False
original,11,55,25,2,2,0,5,2908,False
original,11,56,26,3,3,0,5,2908,False
original,11,57,27,4,4,0,5,2908,False
original,11,58,28,4,4,0,5,2908,False
original,11,59,29,3,3,0,5,2908,False
original,12,0,30,4,4,0,5,2908,False
original,12,1,31,3,3,0,5,2908,False
original,12,2,32,2,2,0,5,2908,False
original,12,3,33,3,3,0,5,2908,False
original,12,4,34,4,4,0,5,2908,False
original,12,5,35,5,6,-1,5,2908,False
original,12,6,36,4,4,0,5,2908,False
original,12,7,37,2,2,0,5,2908,False
original,12,8,38,2,2,0,5,2908,False
original,12,9,39,4,4,0,5,2908,False
original,12,10,40,2,2,0,5,2908,False
original,12,11,41,3,3,0,5,2908,False
original,12,12,42,4,4,0,5,2908,False
original,12,13,43,4,4,0,5,2908,False
original,12,14,44,3,3,0,5,2908,False
original,12,15,45,2,2,0,5,2908,False
original,12,16,46,3,3,0,5,2908,False
original,12,17,47,4,4,0,5,2908,False
original,12,18,48,4,4,0,5,2908,False
original,12,19,49,3,3,0,5,2908,False
original,12,20,50,2,2,0,5,2908,False
original,12,21,51,3,3,0,5,2908,False
original,12,22,52,4,4,0,5,2908,False
original,12,23,53,4,4,0,5,2908,False
original,12,24,54,3,3,0,5,2908,False
original,12,25,55,2,2,0,5,2908,False
original,12,26,56,3,3,0,5,2908,False
original,12,27,57,4,4,0,5,2908,False
original,12,28,58,4,4,0,5,2908,False
original,12,29,59,3,3,0,5,2908,False
original,12,30,0,4,4,0,5,2908,False
original,12,31,1,3,3,0,5,2908,False
original,12,32,2,2,2,0,5,2908,False
original,12,33,3,3,3,0,5,2908,False
original,12,34,4,4,4,0,5,2908,False
original,12,35,5,5,6,-1,5,2908,False
original,12,36,6,4,4,0,5,2908,False
original,12,37,7,2,2,0,5,2908,False
original,12,38,8,2,2,0,5,2908,False
original,12,39,9,4,4,0,5,2908,False
original,12,40,10,2,2,0,5,2908,False
original,12,41,11,3,3,0,5,2908,False
original,12,42,12,4,4,0,5,2908,False
original,12,43,13,4,4,0,5,2908,False
original,12,44,14,3,3,0,5,2908,False
original,12,45,15,2,2,0,5,2908,False
original,12,46,16,3,3,0,5,2908,False
original,12,47,17,4,4,0,5,2908,False
original,12,48,18,4,4,0,5,2908,False
original,12,49,19,3,3,0,5,2908,False
original,12,50,20,2,2,0,5,2908,False
original,12,51,21,3,3,0,5,2908,False
original,12,52,22,4,4,0,5,2908,False
original,12,53,23,4,4,0,5,2908,False
original,12,54,24,3,3,0,5,2908,False
original,12,55,25,2,2,0,5,2908,False
original,12,56,26,3,3,0,5,2908,False
original,12,57,27,4,4,0,5,2908,False
original,12,58,28,4,4,0,5,2908,False
original,12,59,29,3,3,0,5,2908,False
original,13,0,30,4,4,0,5,2912,False
original,13,1,31,3,3,0,5,2912,False
original,13,2,32,2,2,0,5,2912,False
original,13,3,33,3,3,0,5,2912,False
original,13,4,34,4,4,0,5,2912,False
original,13,5,35,5,6,-1,5,2912,False
original,13,6,36,4,4,0,5,2912,False
original,13,7,37,2,2,0,5,2912,False
original,13,8,38,2,2,0,5,2912,False
original,13,9,39,4,4,0,5,2912,False
original,13,10,40,2,2,0,5,2912,False
original,13,11,41,3,3,0,5,2912,False
original,13,12,42,4,4,0,5,2912,False
original,13,13,43,4,4,0,5,2912,False
original,13,14,44,3,3,0,5,2912,False
original,13,15,45,2,2,0,5,2912,False
original,13,16,46,3,3,0,5,2912,False
original,13,17,47,4,4,0,5,2912,False
original,13,18,48,4,4,0,5,2912,False
original,13,19,49,3,3,0,5,2912,False
original,13,20,50,2,2,0,5,2912,False
original,13,21,51,3,3,0,5,2912,False
original,13,22,52,4,4,0,5,2912,False
original,13,23,53,4,4,0,5,2912,False
original,13,24,54,3,3,0,5,2912,False
original,13,25,55,2,2,0,5,2912,False
original,13,26,56,3,3,0,5,2912,False
original,13,27,57,4,4,0,5,2912,False
original,13,28,58,4,4,0,5,2912,False
original,13,29,59,3,3,0,5,2912,False
original,13,30,0,4,4,0,5,2912,False
original,13,31,1,3,3,0,5,2912,False
original,13,32,2,2,2,0,5,2912,False
original,13,33,3,3,3,0,5,2912,False
original,13,34,4,4,4,0,5,2912,False
original,13,35,5,5,6,-1,5,2912,False
original,13,36,6,4,4,0,5,2912,False
original,13,37,7,2,2,0,5,2912,False
original,13,38,8,2,2,0,5,2912,False
original,13,39,9,4,4,0,5,2912,False
original,13,40,10,2,2,0,5,2912,False
original,13,41,11,3,3,0,5,2912,False
original,13,42,12,4,4,0,5,2912,False
original,13,43,13,4,4,0,5,2912,False
original,13,44,14,3,3,0,5,2912,False
original,13,45,15,2,2,0,5,2912,False
original,13,46,16,3,3,0,5,2912,False
original,13,47,17,4,4,0,5,2912,False
original,13,48,18,4,4,0,5,2912,False
original,13,49,19,3,3,0,5,2912,False
original,13,50,20,2,2,0,5,2912,False
original,13,51,21,3,3,0,5,2912,False
original,13,52,22,4,4,0,5,2912,False
original,13,53,23,4,4,0,5,2912,False
original,13,54,24,3,3,0,5,2912,False
original,13,55,25,2,2,0,5,2912,False
original,13,56,26,3,3,0,5,2912,False
original,13,57,27,4,4,0,5,2912,False
original,13,58,28,4,4,0,5,2912,False
original,13,59,29,3,3,0,5,2912,False
original,14,0,30,3,4,-1,3,2909,True
original,14,1,31,3,3,0,3,2909,True
original,14,2,32,2,2,0,3,2909,True
original,14,3,33,3,3,0,3,2909,True
original,14,4,34,3,4,-1,3,2909,True
original,14,5,35,3,6,-3,3,2909,True
original,14,6,36,3,4,-1,3,2909,True
original,14,7,37,2,2,0,3,2909,True
original,14,8,38,2,2,0,3,2909,True
original,14,9,39,3,4,-1,3,2909,True
original,14,10,40,2,2,0,3,2909,True
original,14,11,41,3,3,0,3,2909,True
original,14,12,42,3,4,-1,3,2909,True
original,14,13,43,3,4,-1,3,2909,True
original,14,14,44,3,3,0,3,2909,True
original,14,15,45,2,2,0,3,2909,True
original,14,16,46,3,3,0,3,2909,True
original,14,17,47,3,4,-1,3,2909,True
original,14,18,48,3,4,-1,3,2909,True
original,14,19,49,3,3,0,3,2909,True
original,14,20,50,2,2,0,3,2909,True
original,14,21,51,3,3,0,3,2909,True
original,14,22,52,3,4,-1,3,2909,True
original,14,23,53,3,4,-1,3,2909,True
original,14,24,54,3,3,0,3,2909,True
original,14,25,55,2,2,0,3,2909,True
original,14,26,56,3,3,0,3,2909,True
original,14,27,57,3,4,-1,3,2909,True
original,14,28,58,3,4,-1,3,2909,True
original,14,29,59,3,3,0,3,2909,True
original,14,30,0,3,4,-1,3,2909,True
original,14,31,1,3,3,0,3,2909,True
original,14,32,2,2,2,0,3,2909,True
original,14,33,3,3,3,0,3,2909,True
original,14,34,4,3,4,-1,3,2909,True
original,14,35,5,3,6,-3,3,2909,True
original,14,36,6,3,4,-1,3,2909,True
original,14,37,7,2,2,0,3,2909,True
original,14,38,8,2,2,0,3,2909,True
original,14,39,9,3,4,-1,3,2909,True
original,14,40,10,2,2,0,3,2909,True
original,14,41,11,3,3,0,3,2909,True
original,14,42,12,3,4,-1,3,2909,True
original,14,43,13,3,4,-1,3,2909,True
original,14,44,14,3,3,0,3,2909,True
original,14,45,15,2,2,0,3,2909,True
original,14,46,16,3,3,0,3,2909,True
original,14,47,17,3,4,-1,3,2909,True
original,14,48,18,3,4,-1,3,2909,True
original,14,49,19,3,3,0,3,2909,True
original,14,50,20,2,2,0,3,2909,True
original,14,51,21,3,3,0,3,2909,True
original,14,52,22,3,4,-1,3,2909,True
original,14,53,23,3,4,-1,3,2909,True
original,14,54,24,3,3,0,3,2909,True
original,14,55,25,2,2,0,3,2909,True
original,14,56,26,3,3,0,3,2909,True
original,14,57,27,3,4,-1,3,2909,True
original,14,58,28,3,4,-1,3,2909,True
original,14,59,29,3,3,0,3,2909,True
triangle_neutralized,0,0,30,4,4,0,5,2712,False
triangle_neutralized,0,1,31,3,3,0,5,2712,False
triangle_neutralized,0,2,32,2,2,0,5,2712,False
triangle_neutralized,0,3,33,3,3,0,5,2712,False
triangle_neutralized,0,4,34,4,4,0,5,2712,False
triangle_neutralized,0,5,35,4,6,-2,5,2712,False
triangle_neutralized,0,6,36,4,4,0,5,2712,False
triangle_neutralized,0,7,37,2,2,0,5,2712,False
triangle_neutralized,0,8,38,2,2,0,5,2712,False
triangle_neutralized,0,9,39,4,4,0,5,2712,False
triangle_neutralized,0,10,40,2,2,0,5,2712,False
triangle_neutralized,0,11,41,3,3,0,5,2712,False
triangle_neutralized,0,12,42,4,4,0,5,2712,False
triangle_neutralized,0,13,43,4,4,0,5,2712,False
triangle_neutralized,0,14,44,3,3,0,5,2712,False
triangle_neutralized,0,15,45,2,2,0,5,2712,False
triangle_neutralized,0,16,46,3,3,0,5,2712,False
triangle_neutralized,0,17,47,4,4,0,5,2712,False
triangle_neutralized,0,18,48,4,4,0,5,2712,False
triangle_neutralized,0,19,49,3,3,0,5,2712,False
triangle_neutralized,0,20,50,2,2,0,5,2712,False
triangle_neutralized,0,21,51,3,3,0,5,2712,False
triangle_neutralized,0,22,52,4,4,0,5,2712,False
triangle_neutralized,0,23,53,4,4,0,5,2712,False
triangle_neutralized,0,24,54,3,3,0,5,2712,False
triangle_neutralized,0,25,55,2,2,0,5,2712,False
triangle_neutralized,0,26,56,3,3,0,5,2712,False
triangle_neutralized,0,27,57,4,4,0,5,2712,False
triangle_neutralized,0,28,58,4,4,0,5,2712,False
triangle_neutralized,0,29,59,3,3,0,5,2712,False
triangle_neutralized,0,30,0,4,4,0,5,2712,False
triangle_neutralized,0,31,1,3,3,0,5,2712,False
triangle_neutralized,0,32,2,2,2,0,5,2712,False
triangle_neutralized,0,33,3,3,3,0,5,2712,False
triangle_neutralized,0,34,4,4,4,0,5,2712,False
triangle_neutralized,0,35,5,4,6,-2,5,2712,False
triangle_neutralized,0,36,6,4,4,0,5,2712,False
triangle_neutralized,0,37,7,2,2,0,5,2712,False
triangle_neutralized,0,38,8,2,2,0,5,2712,False
triangle_neutralized,0,39,9,4,4,0,5,2712,False
triangle_neutralized,0,40,10,2,2,0,5,2712,False
triangle_neutralized,0,41,11,3,3,0,5,2712,False
triangle_neutralized,0,42,12,4,4,0,5,2712,False
triangle_neutralized,0,43,13,4,4,0,5,2712,False
triangle_neutralized,0,44,14,3,3,0,5,2712,False
triangle_neutralized,0,45,15,2,2,0,5,2712,False
triangle_neutralized,0,46,16,3,3,0,5,2712,False
triangle_neutralized,0,47,17,4,4,0,5,2712,False
triangle_neutralized,0,48,18,4,4,0,5,2712,False
triangle_neutralized,0,49,19,3,3,0,5,2712,False
triangle_neutralized,0,50,20,2,2,0,5,2712,False
triangle_neutralized,0,51,21,3,3,0,5,2712,False
triangle_neutralized,0,52,22,4,4,0,5,2712,False
triangle_neutralized,0,53,23,4,4,0,5,2712,False
triangle_neutralized,0,54,24,3,3,0,5,2712,False
triangle_neutralized,0,55,25,2,2,0,5,2712,False
triangle_neutralized,0,56,26,3,3,0,5,2712,False
triangle_neutralized,0,57,27,4,4,0,5,2712,False
triangle_neutralized,0,58,28,4,4,0,5,2712,False
triangle_neutralized,0,59,29,3,3,0,5,2712,False
triangle_neutralized,1,0,30,4,4,0,6,2480,False
triangle_neutralized,1,1,31,3,3,0,6,2480,False
triangle_neutralized,1,2,32,2,2,0,6,2480,False
triangle_neutralized,1,3,33,3,3,0,6,2480,False
triangle_neutralized,1,4,34,4,4,0,6,2480,False
triangle_neutralized,1,5,35,4,6,-2,6,2480,False
triangle_neutralized,1,6,36,4,4,0,6,2480,False
triangle_neutralized,1,7,37,2,2,0,6,2480,False
triangle_neutralized,1,8,38,2,2,0,6,2480,False
triangle_neutralized,1,9,39,4,4,0,6,2480,False
triangle_neutralized,1,10,40,2,2,0,6,2480,False
triangle_neutralized,1,11,41,3,3,0,6,2480,False
triangle_neutralized,1,12,42,4,4,0,6,2480,False
triangle_neutralized,1,13,43,4,4,0,6,2480,False
triangle_neutralized,1,14,44,3,3,0,6,2480,False
triangle_neutralized,1,15,45,2,2,0,6,2480,False
triangle_neutralized,1,16,46,3,3,0,6,2480,False
triangle_neutralized,1,17,47,4,4,0,6,2480,False
triangle_neutralized,1,18,48,4,4,0,6,2480,False
triangle_neutralized,1,19,49,3,3,0,6,2480,False
triangle_neutralized,1,20,50,2,2,0,6,2480,False
triangle_neutralized,1,21,51,3,3,0,6,2480,False
triangle_neutralized,1,22,52,4,4,0,6,2480,False
triangle_neutralized,1,23,53,4,4,0,6,2480,False
triangle_neutralized,1,24,54,3,3,0,6,2480,False
triangle_neutralized,1,25,55,2,2,0,6,2480,False
triangle_neutralized,1,26,56,3,3,0,6,2480,False
triangle_neutralized,1,27,57,4,4,0,6,2480,False
triangle_neutralized,1,28,58,4,4,0,6,2480,False
triangle_neutralized,1,29,59,3,3,0,6,2480,False
triangle_neutralized,1,30,0,4,4,0,6,2480,False
triangle_neutralized,1,31,1,3,3,0,6,2480,False
triangle_neutralized,1,32,2,2,2,0,6,2480,False
triangle_neutralized,1,33,3,3,3,0,6,2480,False
triangle_neutralized,1,34,4,4,4,0,6,2480,False
triangle_neutralized,1,35,5,4,6,-2,6,2480,False
triangle_neutralized,1,36,6,4,4,0,6,2480,False
triangle_neutralized,1,37,7,2,2,0,6,2480,False
triangle_neutralized,1,38,8,2,2,0,6,2480,False
triangle_neutralized,1,39,9,4,4,0,6,2480,False
triangle_neutralized,1,40,10,2,2,0,6,2480,False
triangle_neutralized,1,41,11,3,3,0,6,2480,False
triangle_neutralized,1,42,12,4,4,0,6,2480,False
triangle_neutralized,1,43,13,4,4,0,6,2480,False
triangle_neutralized,1,44,14,3,3,0,6,2480,False
triangle_neutralized,1,45,15,2,2,0,6,2480,False
triangle_neutralized,1,46,16,3,3,0,6,2480,False
triangle_neutralized,1,47,17,4,4,0,6,2480,False
triangle_neutralized,1,48,18,4,4,0,6,2480,False
triangle_neutralized,1,49,19,3,3,0,6,2480,False
triangle_neutralized,1,50,20,2,2,0,6,2480,False
triangle_neutralized,1,51,21,3,3,0,6,2480,False
triangle_neutralized,1,52,22,4,4,0,6,2480,False
triangle_neutralized,1,53,23,4,4,0,6,2480,False
triangle_neutralized,1,54,24,3,3,0,6,2480,False
triangle_neutralized,1,55,25,2,2,0,6,2480,False
triangle_neutralized,1,56,26,3,3,0,6,2480,False
triangle_neutralized,1,57,27,4,4,0,6,2480,False
triangle_neutralized,1,58,28,4,4,0,6,2480,False
triangle_neutralized,1,59,29,3,3,0,6,2480,False
triangle_neutralized,2,0,30,4,4,0,5,2712,False
triangle_neutralized,2,1,31,3,3,0,5,2712,False
triangle_neutralized,2,2,32,2,2,0,5,2712,False
triangle_neutralized,2,3,33,3,3,0,5,2712,False
triangle_neutralized,2,4,34,4,4,0,5,2712,False
triangle_neutralized,2,5,35,4,6,-2,5,2712,False
triangle_neutralized,2,6,36,4,4,0,5,2712,False
triangle_neutralized,2,7,37,2,2,0,5,2712,False
triangle_neutralized,2,8,38,2,2,0,5,2712,False
triangle_neutralized,2,9,39,4,4,0,5,2712,False
triangle_neutralized,2,10,40,2,2,0,5,2712,False
triangle_neutralized,2,11,41,3,3,0,5,2712,False
triangle_neutralized,2,12,42,4,4,0,5,2712,False
triangle_neutralized,2,13,43,4,4,0,5,2712,False
triangle_neutralized,2,14,44,3,3,0,5,2712,False
triangle_neutralized,2,15,45,2,2,0,5,2712,False
triangle_neutralized,2,16,46,3,3,0,5,2712,False
triangle_neutralized,2,17,47,4,4,0,5,2712,False
triangle_neutralized,2,18,48,4,4,0,5,2712,False
triangle_neutralized,2,19,49,3,3,0,5,2712,False
triangle_neutralized,2,20,50,2,2,0,5,2712,False
triangle_neutralized,2,21,51,3,3,0,5,2712,False
triangle_neutralized,2,22,52,4,4,0,5,2712,False
triangle_neutralized,2,23,53,4,4,0,5,2712,False
triangle_neutralized,2,24,54,3,3,0,5,2712,False
triangle_neutralized,2,25,55,2,2,0,5,2712,False
triangle_neutralized,2,26,56,3,3,0,5,2712,False
triangle_neutralized,2,27,57,4,4,0,5,2712,False
triangle_neutralized,2,28,58,4,4,0,5,2712,False
triangle_neutralized,2,29,59,3,3,0,5,2712,False
triangle_neutralized,2,30,0,4,4,0,5,2712,False
triangle_neutralized,2,31,1,3,3,0,5,2712,False
triangle_neutralized,2,32,2,2,2,0,5,2712,False
triangle_neutralized,2,33,3,3,3,0,5,2712,False
triangle_neutralized,2,34,4,4,4,0,5,2712,False
triangle_neutralized,2,35,5,4,6,-2,5,2712,False
triangle_neutralized,2,36,6,4,4,0,5,2712,False
triangle_neutralized,2,37,7,2,2,0,5,2712,False
triangle_neutralized,2,38,8,2,2,0,5,2712,False
triangle_neutralized,2,39,9,4,4,0,5,2712,False
triangle_neutralized,2,40,10,2,2,0,5,2712,False
triangle_neutralized,2,41,11,3,3,0,5,2712,False
triangle_neutralized,2,42,12,4,4,0,5,2712,False
triangle_neutralized,2,43,13,4,4,0,5,2712,False
triangle_neutralized,2,44,14,3,3,0,5,2712,False
triangle_neutralized,2,45,15,2,2,0,5,2712,False
triangle_neutralized,2,46,16,3,3,0,5,2712,False
triangle_neutralized,2,47,17,4,4,0,5,2712,False
triangle_neutralized,2,48,18,4,4,0,5,2712,False
triangle_neutralized,2,49,19,3,3,0,5,2712,False
triangle_neutralized,2,50,20,2,2,0,5,2712,False
triangle_neutralized,2,51,21,3,3,0,5,2712,False
triangle_neutralized,2,52,22,4,4,0,5,2712,False
triangle_neutralized,2,53,23,4,4,0,5,2712,False
triangle_neutralized,2,54,24,3,3,0,5,2712,False
triangle_neutralized,2,55,25,2,2,0,5,2712,False
triangle_neutralized,2,56,26,3,3,0,5,2712,False
triangle_neutralized,2,57,27,4,4,0,5,2712,False
triangle_neutralized,2,58,28,4,4,0,5,2712,False
triangle_neutralized,2,59,29,3,3,0,5,2712,False
triangle_neutralized,3,0,30,4,4,0,5,2564,False
triangle_neutralized,3,1,31,3,3,0,5,2564,False
triangle_neutralized,3,2,32,2,2,0,5,2564,False
triangle_neutralized,3,3,33,3,3,0,5,2564,False
triangle_neutralized,3,4,34,4,4,0,5,2564,False
triangle_neutralized,3,5,35,4,6,-2,5,2564,False
triangle_neutralized,3,6,36,4,4,0,5,2564,False
triangle_neutralized,3,7,37,2,2,0,5,2564,False
triangle_neutralized,3,8,38,2,2,0,5,2564,False
triangle_neutralized,3,9,39,4,4,0,5,2564,False
triangle_neutralized,3,10,40,2,2,0,5,2564,False
triangle_neutralized,3,11,41,3,3,0,5,2564,False
triangle_neutralized,3,12,42,4,4,0,5,2564,False
triangle_neutralized,3,13,43,4,4,0,5,2564,False
triangle_neutralized,3,14,44,3,3,0,5,2564,False
triangle_neutralized,3,15,45,2,2,0,5,2564,False
triangle_neutralized,3,16,46,3,3,0,5,2564,False
triangle_neutralized,3,17,47,4,4,0,5,2564,False
triangle_neutralized,3,18,48,4,4,0,5,2564,False
triangle_neutralized,3,19,49,3,3,0,5,2564,False
triangle_neutralized,3,20,50,2,2,0,5,2564,False
triangle_neutralized,3,21,51,3,3,0,5,2564,False
triangle_neutralized,3,22,52,4,4,0,5,2564,False
triangle_neutralized,3,23,53,4,4,0,5,2564,False
triangle_neutralized,3,24,54,3,3,0,5,2564,False
triangle_neutralized,3,25,55,2,2,0,5,2564,False
triangle_neutralized,3,26,56,3,3,0,5,2564,False
triangle_neutralized,3,27,57,4,4,0,5,2564,False
triangle_neutralized,3,28,58,4,4,0,5,2564,False
triangle_neutralized,3,29,59,3,3,0,5,2564,False
triangle_neutralized,3,30,0,4,4,0,5,2564,False
triangle_neutralized,3,31,1,3,3,0,5,2564,False
triangle_neutralized,3,32,2,2,2,0,5,2564,False
triangle_neutralized,3,33,3,3,3,0,5,2564,False
triangle_neutralized,3,34,4,4,4,0,5,2564,False
triangle_neutralized,3,35,5,4,6,-2,5,2564,False
triangle_neutralized,3,36,6,4,4,0,5,2564,False
triangle_neutralized,3,37,7,2,2,0,5,2564,False
triangle_neutralized,3,38,8,2,2,0,5,2564,False
triangle_neutralized,3,39,9,4,4,0,5,2564,False
triangle_neutralized,3,40,10,2,2,0,5,2564,False
triangle_neutralized,3,41,11,3,3,0,5,2564,False
triangle_neutralized,3,42,12,4,4,0,5,2564,False
triangle_neutralized,3,43,13,4,4,0,5,2564,False
triangle_neutralized,3,44,14,3,3,0,5,2564,False
triangle_neutralized,3,45,15,2,2,0,5,2564,False
triangle_neutralized,3,46,16,3,3,0,5,2564,False
triangle_neutralized,3,47,17,4,4,0,5,2564,False
triangle_neutralized,3,48,18,4,4,0,5,2564,False
triangle_neutralized,3,49,19,3,3,0,5,2564,False
triangle_neutralized,3,50,20,2,2,0,5,2564,False
triangle_neutralized,3,51,21,3,3,0,5,2564,False
triangle_neutralized,3,52,22,4,4,0,5,2564,False
triangle_neutralized,3,53,23,4,4,0,5,2564,False
triangle_neutralized,3,54,24,3,3,0,5,2564,False
triangle_neutralized,3,55,25,2,2,0,5,2564,False
triangle_neutralized,3,56,26,3,3,0,5,2564,False
triangle_neutralized,3,57,27,4,4,0,5,2564,False
triangle_neutralized,3,58,28,4,4,0,5,2564,False
triangle_neutralized,3,59,29,3,3,0,5,2564,False
triangle_neutralized,4,0,30,4,4,0,5,2564,False
triangle_neutralized,4,1,31,3,3,0,5,2564,False
triangle_neutralized,4,2,32,2,2,0,5,2564,False
triangle_neutralized,4,3,33,3,3,0,5,2564,False
triangle_neutralized,4,4,34,4,4,0,5,2564,False
triangle_neutralized,4,5,35,4,6,-2,5,2564,False
triangle_neutralized,4,6,36,4,4,0,5,2564,False
triangle_neutralized,4,7,37,2,2,0,5,2564,False
triangle_neutralized,4,8,38,2,2,0,5,2564,False
triangle_neutralized,4,9,39,4,4,0,5,2564,False
triangle_neutralized,4,10,40,2,2,0,5,2564,False
triangle_neutralized,4,11,41,3,3,0,5,2564,False
triangle_neutralized,4,12,42,4,4,0,5,2564,False
triangle_neutralized,4,13,43,4,4,0,5,2564,False
triangle_neutralized,4,14,44,3,3,0,5,2564,False
triangle_neutralized,4,15,45,2,2,0,5,2564,False
triangle_neutralized,4,16,46,3,3,0,5,2564,False
triangle_neutralized,4,17,47,4,4,0,5,2564,False
triangle_neutralized,4,18,48,4,4,0,5,2564,False
triangle_neutralized,4,19,49,3,3,0,5,2564,False
triangle_neutralized,4,20,50,2,2,0,5,2564,False
triangle_neutralized,4,21,51,3,3,0,5,2564,False
triangle_neutralized,4,22,52,4,4,0,5,2564,False
triangle_neutralized,4,23,53,4,4,0,5,2564,False
triangle_neutralized,4,24,54,3,3,0,5,2564,False
triangle_neutralized,4,25,55,2,2,0,5,2564,False
triangle_neutralized,4,26,56,3,3,0,5,2564,False
triangle_neutralized,4,27,57,4,4,0,5,2564,False
triangle_neutralized,4,28,58,4,4,0,5,2564,False
triangle_neutralized,4,29,59,3,3,0,5,2564,False
triangle_neutralized,4,30,0,4,4,0,5,2564,False
triangle_neutralized,4,31,1,3,3,0,5,2564,False
triangle_neutralized,4,32,2,2,2,0,5,2564,False
triangle_neutralized,4,33,3,3,3,0,5,2564,False
triangle_neutralized,4,34,4,4,4,0,5,2564,False
triangle_neutralized,4,35,5,4,6,-2,5,2564,False
triangle_neutralized,4,36,6,4,4,0,5,2564,False
triangle_neutralized,4,37,7,2,2,0,5,2564,False
triangle_neutralized,4,38,8,2,2,0,5,2564,False
triangle_neutralized,4,39,9,4,4,0,5,2564,False
triangle_neutralized,4,40,10,2,2,0,5,2564,False
triangle_neutralized,4,41,11,3,3,0,5,2564,False
triangle_neutralized,4,42,12,4,4,0,5,2564,False
triangle_neutralized,4,43,13,4,4,0,5,2564,False
triangle_neutralized,4,44,14,3,3,0,5,2564,False
triangle_neutralized,4,45,15,2,2,0,5,2564,False
triangle_neutralized,4,46,16,3,3,0,5,2564,False
triangle_neutralized,4,47,17,4,4,0,5,2564,False
triangle_neutralized,4,48,18,4,4,0,5,2564,False
triangle_neutralized,4,49,19,3,3,0,5,2564,False
triangle_neutralized,4,50,20,2,2,0,5,2564,False
triangle_neutralized,4,51,21,3,3,0,5,2564,False
triangle_neutralized,4,52,22,4,4,0,5,2564,False
triangle_neutralized,4,53,23,4,4,0,5,2564,False
triangle_neutralized,4,54,24,3,3,0,5,2564,False
triangle_neutralized,4,55,25,2,2,0,5,2564,False
triangle_neutralized,4,56,26,3,3,0,5,2564,False
triangle_neutralized,4,57,27,4,4,0,5,2564,False
triangle_neutralized,4,58,28,4,4,0,5,2564,False
triangle_neutralized,4,59,29,3,3,0,5,2564,False
triangle_neutralized,5,0,30,4,4,0,5,2564,False
triangle_neutralized,5,1,31,3,3,0,5,2564,False
triangle_neutralized,5,2,32,2,2,0,5,2564,False
triangle_neutralized,5,3,33,3,3,0,5,2564,False
triangle_neutralized,5,4,34,4,4,0,5,2564,False
triangle_neutralized,5,5,35,4,6,-2,5,2564,False
triangle_neutralized,5,6,36,4,4,0,5,2564,False
triangle_neutralized,5,7,37,2,2,0,5,2564,False
triangle_neutralized,5,8,38,2,2,0,5,2564,False
triangle_neutralized,5,9,39,4,4,0,5,2564,False
triangle_neutralized,5,10,40,2,2,0,5,2564,False
triangle_neutralized,5,11,41,3,3,0,5,2564,False
triangle_neutralized,5,12,42,4,4,0,5,2564,False
triangle_neutralized,5,13,43,4,4,0,5,2564,False
triangle_neutralized,5,14,44,3,3,0,5,2564,False
triangle_neutralized,5,15,45,2,2,0,5,2564,False
triangle_neutralized,5,16,46,3,3,0,5,2564,False
triangle_neutralized,5,17,47,4,4,0,5,2564,False
triangle_neutralized,5,18,48,4,4,0,5,2564,False
triangle_neutralized,5,19,49,3,3,0,5,2564,False
triangle_neutralized,5,20,50,2,2,0,5,2564,False
triangle_neutralized,5,21,51,3,3,0,5,2564,False
triangle_neutralized,5,22,52,4,4,0,5,2564,False
triangle_neutralized,5,23,53,4,4,0,5,2564,False
triangle_neutralized,5,24,54,3,3,0,5,2564,False
triangle_neutralized,5,25,55,2,2,0,5,2564,False
triangle_neutralized,5,26,56,3,3,0,5,2564,False
triangle_neutralized,5,27,57,4,4,0,5,2564,False
triangle_neutralized,5,28,58,4,4,0,5,2564,False
triangle_neutralized,5,29,59,3,3,0,5,2564,False
triangle_neutralized,5,30,0,4,4,0,5,2564,False
triangle_neutralized,5,31,1,3,3,0,5,2564,False
triangle_neutralized,5,32,2,2,2,0,5,2564,False
triangle_neutralized,5,33,3,3,3,0,5,2564,False
triangle_neutralized,5,34,4,4,4,0,5,2564,False
triangle_neutralized,5,35,5,4,6,-2,5,2564,False
triangle_neutralized,5,36,6,4,4,0,5,2564,False
triangle_neutralized,5,37,7,2,2,0,5,2564,False
triangle_neutralized,5,38,8,2,2,0,5,2564,False
triangle_neutralized,5,39,9,4,4,0,5,2564,False
triangle_neutralized,5,40,10,2,2,0,5,2564,False
triangle_neutralized,5,41,11,3,3,0,5,2564,False
triangle_neutralized,5,42,12,4,4,0,5,2564,False
triangle_neutralized,5,43,13,4,4,0,5,2564,False
triangle_neutralized,5,44,14,3,3,0,5,2564,False
triangle_neutralized,5,45,15,2,2,0,5,2564,False
triangle_neutralized,5,46,16,3,3,0,5,2564,False
triangle_neutralized,5,47,17,4,4,0,5,2564,False
triangle_neutralized,5,48,18,4,4,0,5,2564,False
triangle_neutralized,5,49,19,3,3,0,5,2564,False
triangle_neutralized,5,50,20,2,2,0,5,2564,False
triangle_neutralized,5,51,21,3,3,0,5,2564,False
triangle_neutralized,5,52,22,4,4,0,5,2564,False
triangle_neutralized,5,53,23,4,4,0,5,2564,False
triangle_neutralized,5,54,24,3,3,0,5,2564,False
triangle_neutralized,5,55,25,2,2,0,5,2564,False
triangle_neutralized,5,56,26,3,3,0,5,2564,False
triangle_neutralized,5,57,27,4,4,0,5,2564,False
triangle_neutralized,5,58,28,4,4,0,5,2564,False
triangle_neutralized,5,59,29,3,3,0,5,2564,False
triangle_neutralized,6,0,30,4,4,0,5,2712,False
triangle_neutralized,6,1,31,3,3,0,5,2712,False
triangle_neutralized,6,2,32,2,2,0,5,2712,False
triangle_neutralized,6,3,33,3,3,0,5,2712,False
triangle_neutralized,6,4,34,4,4,0,5,2712,False
triangle_neutralized,6,5,35,4,6,-2,5,2712,False
triangle_neutralized,6,6,36,4,4,0,5,2712,False
triangle_neutralized,6,7,37,2,2,0,5,2712,False
triangle_neutralized,6,8,38,2,2,0,5,2712,False
triangle_neutralized,6,9,39,4,4,0,5,2712,False
triangle_neutralized,6,10,40,2,2,0,5,2712,False
triangle_neutralized,6,11,41,3,3,0,5,2712,False
triangle_neutralized,6,12,42,4,4,0,5,2712,False
triangle_neutralized,6,13,43,4,4,0,5,2712,False
triangle_neutralized,6,14,44,3,3,0,5,2712,False
triangle_neutralized,6,15,45,2,2,0,5,2712,False
triangle_neutralized,6,16,46,3,3,0,5,2712,False
triangle_neutralized,6,17,47,4,4,0,5,2712,False
triangle_neutralized,6,18,48,4,4,0,5,2712,False
triangle_neutralized,6,19,49,3,3,0,5,2712,False
triangle_neutralized,6,20,50,2,2,0,5,2712,False
triangle_neutralized,6,21,51,3,3,0,5,2712,False
triangle_neutralized,6,22,52,4,4,0,5,2712,False
triangle_neutralized,6,23,53,4,4,0,5,2712,False
triangle_neutralized,6,24,54,3,3,0,5,2712,False
triangle_neutralized,6,25,55,2,2,0,5,2712,False
triangle_neutralized,6,26,56,3,3,0,5,2712,False
triangle_neutralized,6,27,57,4,4,0,5,2712,False
triangle_neutralized,6,28,58,4,4,0,5,2712,False
triangle_neutralized,6,29,59,3,3,0,5,2712,False
triangle_neutralized,6,30,0,4,4,0,5,2712,False
triangle_neutralized,6,31,1,3,3,0,5,2712,False
triangle_neutralized,6,32,2,2,2,0,5,2712,False
triangle_neutralized,6,33,3,3,3,0,5,2712,False
triangle_neutralized,6,34,4,4,4,0,5,2712,False
triangle_neutralized,6,35,5,4,6,-2,5,2712,False
triangle_neutralized,6,36,6,4,4,0,5,2712,False
triangle_neutralized,6,37,7,2,2,0,5,2712,False
triangle_neutralized,6,38,8,2,2,0,5,2712,False
triangle_neutralized,6,39,9,4,4,0,5,2712,False
triangle_neutralized,6,40,10,2,2,0,5,2712,False
triangle_neutralized,6,41,11,3,3,0,5,2712,False
triangle_neutralized,6,42,12,4,4,0,5,2712,False
triangle_neutralized,6,43,13,4,4,0,5,2712,False
triangle_neutralized,6,44,14,3,3,0,5,2712,False
triangle_neutralized,6,45,15,2,2,0,5,2712,False
triangle_neutralized,6,46,16,3,3,0,5,2712,False
triangle_neutralized,6,47,17,4,4,0,5,2712,False
triangle_neutralized,6,48,18,4,4,0,5,2712,False
triangle_neutralized,6,49,19,3,3,0,5,2712,False
triangle_neutralized,6,50,20,2,2,0,5,2712,False
triangle_neutralized,6,51,21,3,3,0,5,2712,False
triangle_neutralized,6,52,22,4,4,0,5,2712,False
triangle_neutralized,6,53,23,4,4,0,5,2712,False
triangle_neutralized,6,54,24,3,3,0,5,2712,False
triangle_neutralized,6,55,25,2,2,0,5,2712,False
triangle_neutralized,6,56,26,3,3,0,5,2712,False
triangle_neutralized,6,57,27,4,4,0,5,2712,False
triangle_neutralized,6,58,28,4,4,0,5,2712,False
triangle_neutralized,6,59,29,3,3,0,5,2712,False
triangle_neutralized,7,0,30,4,4,0,5,2712,False
triangle_neutralized,7,1,31,3,3,0,5,2712,False
triangle_neutralized,7,2,32,2,2,0,5,2712,False
triangle_neutralized,7,3,33,3,3,0,5,2712,False
triangle_neutralized,7,4,34,4,4,0,5,2712,False
triangle_neutralized,7,5,35,4,6,-2,5,2712,False
triangle_neutralized,7,6,36,4,4,0,5,2712,False
triangle_neutralized,7,7,37,2,2,0,5,2712,False
triangle_neutralized,7,8,38,2,2,0,5,2712,False
triangle_neutralized,7,9,39,4,4,0,5,2712,False
triangle_neutralized,7,10,40,2,2,0,5,2712,False
triangle_neutralized,7,11,41,3,3,0,5,2712,False
triangle_neutralized,7,12,42,4,4,0,5,2712,False
triangle_neutralized,7,13,43,4,4,0,5,2712,False
triangle_neutralized,7,14,44,3,3,0,5,2712,False
triangle_neutralized,7,15,45,2,2,0,5,2712,False
triangle_neutralized,7,16,46,3,3,0,5,2712,False
triangle_neutralized,7,17,47,4,4,0,5,2712,False
triangle_neutralized,7,18,48,4,4,0,5,2712,False
triangle_neutralized,7,19,49,3,3,0,5,2712,False
triangle_neutralized,7,20,50,2,2,0,5,2712,False
triangle_neutralized,7,21,51,3,3,0,5,2712,False
triangle_neutralized,7,22,52,4,4,0,5,2712,False
triangle_neutralized,7,23,53,4,4,0,5,2712,False
triangle_neutralized,7,24,54,3,3,0,5,2712,False
triangle_neutralized,7,25,55,2,2,0,5,2712,False
triangle_neutralized,7,26,56,3,3,0,5,2712,False
triangle_neutralized,7,27,57,4,4,0,5,2712,False
triangle_neutralized,7,28,58,4,4,0,5,2712,False
triangle_neutralized,7,29,59,3,3,0,5,2712,False
triangle_neutralized,7,30,0,4,4,0,5,2712,False
triangle_neutralized,7,31,1,3,3,0,5,2712,False
triangle_neutralized,7,32,2,2,2,0,5,2712,False
triangle_neutralized,7,33,3,3,3,0,5,2712,False
triangle_neutralized,7,34,4,4,4,0,5,2712,False
triangle_neutralized,7,35,5,4,6,-2,5,2712,False
triangle_neutralized,7,36,6,4,4,0,5,2712,False
triangle_neutralized,7,37,7,2,2,0,5,2712,False
triangle_neutralized,7,38,8,2,2,0,5,2712,False
triangle_neutralized,7,39,9,4,4,0,5,2712,False
triangle_neutralized,7,40,10,2,2,0,5,2712,False
triangle_neutralized,7,41,11,3,3,0,5,2712,False
triangle_neutralized,7,42,12,4,4,0,5,2712,False
triangle_neutralized,7,43,13,4,4,0,5,2712,False
triangle_neutralized,7,44,14,3,3,0,5,2712,False
triangle_neutralized,7,45,15,2,2,0,5,2712,False
triangle_neutralized,7,46,16,3,3,0,5,2712,False
triangle_neutralized,7,47,17,4,4,0,5,2712,False
triangle_neutralized,7,48,18,4,4,0,5,2712,False
triangle_neutralized,7,49,19,3,3,0,5,2712,False
triangle_neutralized,7,50,20,2,2,0,5,2712,False
triangle_neutralized,7,51,21,3,3,0,5,2712,False
triangle_neutralized,7,52,22,4,4,0,5,2712,False
triangle_neutralized,7,53,23,4,4,0,5,2712,False
triangle_neutralized,7,54,24,3,3,0,5,2712,False
triangle_neutralized,7,55,25,2,2,0,5,2712,False
triangle_neutralized,7,56,26,3,3,0,5,2712,False
triangle_neutralized,7,57,27,4,4,0,5,2712,False
triangle_neutralized,7,58,28,4,4,0,5,2712,False
triangle_neutralized,7,59,29,3,3,0,5,2712,False
triangle_neutralized,8,0,30,4,4,0,5,2564,False
triangle_neutralized,8,1,31,3,3,0,5,2564,False
triangle_neutralized,8,2,32,2,2,0,5,2564,False
triangle_neutralized,8,3,33,3,3,0,5,2564,False
triangle_neutralized,8,4,34,4,4,0,5,2564,False
triangle_neutralized,8,5,35,4,6,-2,5,2564,False
triangle_neutralized,8,6,36,4,4,0,5,2564,False
triangle_neutralized,8,7,37,2,2,0,5,2564,False
triangle_neutralized,8,8,38,2,2,0,5,2564,False
triangle_neutralized,8,9,39,4,4,0,5,2564,False
triangle_neutralized,8,10,40,2,2,0,5,2564,False
triangle_neutralized,8,11,41,3,3,0,5,2564,False
triangle_neutralized,8,12,42,4,4,0,5,2564,False
triangle_neutralized,8,13,43,4,4,0,5,2564,False
triangle_neutralized,8,14,44,3,3,0,5,2564,False
triangle_neutralized,8,15,45,2,2,0,5,2564,False
triangle_neutralized,8,16,46,3,3,0,5,2564,False
triangle_neutralized,8,17,47,4,4,0,5,2564,False
triangle_neutralized,8,18,48,4,4,0,5,2564,False
triangle_neutralized,8,19,49,3,3,0,5,2564,False
triangle_neutralized,8,20,50,2,2,0,5,2564,False
triangle_neutralized,8,21,51,3,3,0,5,2564,False
triangle_neutralized,8,22,52,4,4,0,5,2564,False
triangle_neutralized,8,23,53,4,4,0,5,2564,False
triangle_neutralized,8,24,54,3,3,0,5,2564,False
triangle_neutralized,8,25,55,2,2,0,5,2564,False
triangle_neutralized,8,26,56,3,3,0,5,2564,False
triangle_neutralized,8,27,57,4,4,0,5,2564,False
triangle_neutralized,8,28,58,4,4,0,5,2564,False
triangle_neutralized,8,29,59,3,3,0,5,2564,False
triangle_neutralized,8,30,0,4,4,0,5,2564,False
triangle_neutralized,8,31,1,3,3,0,5,2564,False
triangle_neutralized,8,32,2,2,2,0,5,2564,False
triangle_neutralized,8,33,3,3,3,0,5,2564,False
triangle_neutralized,8,34,4,4,4,0,5,2564,False
triangle_neutralized,8,35,5,4,6,-2,5,2564,False
triangle_neutralized,8,36,6,4,4,0,5,2564,False
triangle_neutralized,8,37,7,2,2,0,5,2564,False
triangle_neutralized,8,38,8,2,2,0,5,2564,False
triangle_neutralized,8,39,9,4,4,0,5,2564,False
triangle_neutralized,8,40,10,2,2,0,5,2564,False
triangle_neutralized,8,41,11,3,3,0,5,2564,False
triangle_neutralized,8,42,12,4,4,0,5,2564,False
triangle_neutralized,8,43,13,4,4,0,5,2564,False
triangle_neutralized,8,44,14,3,3,0,5,2564,False
triangle_neutralized,8,45,15,2,2,0,5,2564,False
triangle_neutralized,8,46,16,3,3,0,5,2564,False
triangle_neutralized,8,47,17,4,4,0,5,2564,False
triangle_neutralized,8,48,18,4,4,0,5,2564,False
triangle_neutralized,8,49,19,3,3,0,5,2564,False
triangle_neutralized,8,50,20,2,2,0,5,2564,False
triangle_neutralized,8,51,21,3,3,0,5,2564,False
triangle_neutralized,8,52,22,4,4,0,5,2564,False
triangle_neutralized,8,53,23,4,4,0,5,2564,False
triangle_neutralized,8,54,24,3,3,0,5,2564,False
triangle_neutralized,8,55,25,2,2,0,5,2564,False
triangle_neutralized,8,56,26,3,3,0,5,2564,False
triangle_neutralized,8,57,27,4,4,0,5,2564,False
triangle_neutralized,8,58,28,4,4,0,5,2564,False
triangle_neutralized,8,59,29,3,3,0,5,2564,False
triangle_neutralized,9,0,30,4,4,0,5,2520,False
triangle_neutralized,9,1,31,3,3,0,5,2520,False
triangle_neutralized,9,2,32,2,2,0,5,2520,False
triangle_neutralized,9,3,33,3,3,0,5,2520,False
triangle_neutralized,9,4,34,4,4,0,5,2520,False
triangle_neutralized,9,5,35,5,6,-1,5,2520,False
triangle_neutralized,9,6,36,4,4,0,5,2520,False
triangle_neutralized,9,7,37,2,2,0,5,2520,False
triangle_neutralized,9,8,38,2,2,0,5,2520,False
triangle_neutralized,9,9,39,4,4,0,5,2520,False
triangle_neutralized,9,10,40,2,2,0,5,2520,False
triangle_neutralized,9,11,41,3,3,0,5,2520,False
triangle_neutralized,9,12,42,4,4,0,5,2520,False
triangle_neutralized,9,13,43,4,4,0,5,2520,False
triangle_neutralized,9,14,44,3,3,0,5,2520,False
triangle_neutralized,9,15,45,2,2,0,5,2520,False
triangle_neutralized,9,16,46,3,3,0,5,2520,False
triangle_neutralized,9,17,47,4,4,0,5,2520,False
triangle_neutralized,9,18,48,4,4,0,5,2520,False
triangle_neutralized,9,19,49,3,3,0,5,2520,False
triangle_neutralized,9,20,50,2,2,0,5,2520,False
triangle_neutralized,9,21,51,3,3,0,5,2520,False
triangle_neutralized,9,22,52,4,4,0,5,2520,False
triangle_neutralized,9,23,53,4,4,0,5,2520,False
triangle_neutralized,9,24,54,3,3,0,5,2520,False
triangle_neutralized,9,25,55,2,2,0,5,2520,False
triangle_neutralized,9,26,56,3,3,0,5,2520,False
triangle_neutralized,9,27,57,4,4,0,5,2520,False
triangle_neutralized,9,28,58,4,4,0,5,2520,False
triangle_neutralized,9,29,59,3,3,0,5,2520,False
triangle_neutralized,9,30,0,4,4,0,5,2520,False
triangle_neutralized,9,31,1,3,3,0,5,2520,False
triangle_neutralized,9,32,2,2,2,0,5,2520,False
triangle_neutralized,9,33,3,3,3,0,5,2520,False
triangle_neutralized,9,34,4,4,4,0,5,2520,False
triangle_neutralized,9,35,5,5,6,-1,5,2520,False
triangle_neutralized,9,36,6,4,4,0,5,2520,False
triangle_neutralized,9,37,7,2,2,0,5,2520,False
triangle_neutralized,9,38,8,2,2,0,5,2520,False
triangle_neutralized,9,39,9,4,4,0,5,2520,False
triangle_neutralized,9,40,10,2,2,0,5,2520,False
triangle_neutralized,9,41,11,3,3,0,5,2520,False
triangle_neutralized,9,42,12,4,4,0,5,2520,False
triangle_neutralized,9,43,13,4,4,0,5,2520,False
triangle_neutralized,9,44,14,3,3,0,5,2520,False
triangle_neutralized,9,45,15,2,2,0,5,2520,False
triangle_neutralized,9,46,16,3,3,0,5,2520,False
triangle_neutralized,9,47,17,4,4,0,5,2520,False
triangle_neutralized,9,48,18,4,4,0,5,2520,False
triangle_neutralized,9,49,19,3,3,0,5,2520,False
triangle_neutralized,9,50,20,2,2,0,5,2520,False
triangle_neutralized,9,51,21,3,3,0,5,2520,False
triangle_neutralized,9,52,22,4,4,0,5,2520,False
triangle_neutralized,9,53,23,4,4,0,5,2520,False
triangle_neutralized,9,54,24,3,3,0,5,2520,False
triangle_neutralized,9,55,25,2,2,0,5,2520,False
triangle_neutralized,9,56,26,3,3,0,5,2520,False
triangle_neutralized,9,57,27,4,4,0,5,2520,False
triangle_neutralized,9,58,28,4,4,0,5,2520,False
triangle_neutralized,9,59,29,3,3,0,5,2520,False
triangle_neutralized,10,0,30,4,4,0,5,2564,False
triangle_neutralized,10,1,31,3,3,0,5,2564,False
triangle_neutralized,10,2,32,2,2,0,5,2564,False
triangle_neutralized,10,3,33,3,3,0,5,2564,False
triangle_neutralized,10,4,34,4,4,0,5,2564,False
triangle_neutralized,10,5,35,4,6,-2,5,2564,False
triangle_neutralized,10,6,36,4,4,0,5,2564,False
triangle_neutralized,10,7,37,2,2,0,5,2564,False
triangle_neutralized,10,8,38,2,2,0,5,2564,False
triangle_neutralized,10,9,39,4,4,0,5,2564,False
triangle_neutralized,10,10,40,2,2,0,5,2564,False
triangle_neutralized,10,11,41,3,3,0,5,2564,False
triangle_neutralized,10,12,42,4,4,0,5,2564,False
triangle_neutralized,10,13,43,4,4,0,5,2564,False
triangle_neutralized,10,14,44,3,3,0,5,2564,False
triangle_neutralized,10,15,45,2,2,0,5,2564,False
triangle_neutralized,10,16,46,3,3,0,5,2564,False
triangle_neutralized,10,17,47,4,4,0,5,2564,False
triangle_neutralized,10,18,48,4,4,0,5,2564,False
triangle_neutralized,10,19,49,3,3,0,5,2564,False
triangle_neutralized,10,20,50,2,2,0,5,2564,False
triangle_neutralized,10,21,51,3,3,0,5,2564,False
triangle_neutralized,10,22,52,4,4,0,5,2564,False
triangle_neutralized,10,23,53,4,4,0,5,2564,False
triangle_neutralized,10,24,54,3,3,0,5,2564,False
triangle_neutralized,10,25,55,2,2,0,5,2564,False
triangle_neutralized,10,26,56,3,3,0,5,2564,False
triangle_neutralized,10,27,57,4,4,0,5,2564,False
triangle_neutralized,10,28,58,4,4,0,5,2564,False
triangle_neutralized,10,29,59,3,3,0,5,2564,False
triangle_neutralized,10,30,0,4,4,0,5,2564,False
triangle_neutralized,10,31,1,3,3,0,5,2564,False
triangle_neutralized,10,32,2,2,2,0,5,2564,False
triangle_neutralized,10,33,3,3,3,0,5,2564,False
triangle_neutralized,10,34,4,4,4,0,5,2564,False
triangle_neutralized,10,35,5,4,6,-2,5,2564,False
triangle_neutralized,10,36,6,4,4,0,5,2564,False
triangle_neutralized,10,37,7,2,2,0,5,2564,False
triangle_neutralized,10,38,8,2,2,0,5,2564,False
triangle_neutralized,10,39,9,4,4,0,5,2564,False
triangle_neutralized,10,40,10,2,2,0,5,2564,False
triangle_neutralized,10,41,11,3,3,0,5,2564,False
triangle_neutralized,10,42,12,4,4,0,5,2564,False
triangle_neutralized,10,43,13,4,4,0,5,2564,False
triangle_neutralized,10,44,14,3,3,0,5,2564,False
triangle_neutralized,10,45,15,2,2,0,5,2564,False
triangle_neutralized,10,46,16,3,3,0,5,2564,False
triangle_neutralized,10,47,17,4,4,0,5,2564,False
triangle_neutralized,10,48,18,4,4,0,5,2564,False
triangle_neutralized,10,49,19,3,3,0,5,2564,False
triangle_neutralized,10,50,20,2,2,0,5,2564,False
triangle_neutralized,10,51,21,3,3,0,5,2564,False
triangle_neutralized,10,52,22,4,4,0,5,2564,False
triangle_neutralized,10,53,23,4,4,0,5,2564,False
triangle_neutralized,10,54,24,3,3,0,5,2564,False
triangle_neutralized,10,55,25,2,2,0,5,2564,False
triangle_neutralized,10,56,26,3,3,0,5,2564,False
triangle_neutralized,10,57,27,4,4,0,5,2564,False
triangle_neutralized,10,58,28,4,4,0,5,2564,False
triangle_neutralized,10,59,29,3,3,0,5,2564,False
triangle_neutralized,11,0,30,4,4,0,5,2564,False
triangle_neutralized,11,1,31,3,3,0,5,2564,False
triangle_neutralized,11,2,32,2,2,0,5,2564,False
triangle_neutralized,11,3,33,3,3,0,5,2564,False
triangle_neutralized,11,4,34,4,4,0,5,2564,False
triangle_neutralized,11,5,35,5,6,-1,5,2564,False
triangle_neutralized,11,6,36,4,4,0,5,2564,False
triangle_neutralized,11,7,37,2,2,0,5,2564,False
triangle_neutralized,11,8,38,2,2,0,5,2564,False
triangle_neutralized,11,9,39,4,4,0,5,2564,False
triangle_neutralized,11,10,40,2,2,0,5,2564,False
triangle_neutralized,11,11,41,3,3,0,5,2564,False
triangle_neutralized,11,12,42,4,4,0,5,2564,False
triangle_neutralized,11,13,43,4,4,0,5,2564,False
triangle_neutralized,11,14,44,3,3,0,5,2564,False
triangle_neutralized,11,15,45,2,2,0,5,2564,False
triangle_neutralized,11,16,46,3,3,0,5,2564,False
triangle_neutralized,11,17,47,4,4,0,5,2564,False
triangle_neutralized,11,18,48,4,4,0,5,2564,False
triangle_neutralized,11,19,49,3,3,0,5,2564,False
triangle_neutralized,11,20,50,2,2,0,5,2564,False
triangle_neutralized,11,21,51,3,3,0,5,2564,False
triangle_neutralized,11,22,52,4,4,0,5,2564,False
triangle_neutralized,11,23,53,4,4,0,5,2564,False
triangle_neutralized,11,24,54,3,3,0,5,2564,False
triangle_neutralized,11,25,55,2,2,0,5,2564,False
triangle_neutralized,11,26,56,3,3,0,5,2564,False
triangle_neutralized,11,27,57,4,4,0,5,2564,False
triangle_neutralized,11,28,58,4,4,0,5,2564,False
triangle_neutralized,11,29,59,3,3,0,5,2564,False
triangle_neutralized,11,30,0,4,4,0,5,2564,False
triangle_neutralized,11,31,1,3,3,0,5,2564,False
triangle_neutralized,11,32,2,2,2,0,5,2564,False
triangle_neutralized,11,33,3,3,3,0,5,2564,False
triangle_neutralized,11,34,4,4,4,0,5,2564,False
triangle_neutralized,11,35,5,5,6,-1,5,2564,False
triangle_neutralized,11,36,6,4,4,0,5,2564,False
triangle_neutralized,11,37,7,2,2,0,5,2564,False
triangle_neutralized,11,38,8,2,2,0,5,2564,False
triangle_neutralized,11,39,9,4,4,0,5,2564,False
triangle_neutralized,11,40,10,2,2,0,5,2564,False
triangle_neutralized,11,41,11,3,3,0,5,2564,False
triangle_neutralized,11,42,12,4,4,0,5,2564,False
triangle_neutralized,11,43,13,4,4,0,5,2564,False
triangle_neutralized,11,44,14,3,3,0,5,2564,False
triangle_neutralized,11,45,15,2,2,0,5,2564,False
triangle_neutralized,11,46,16,3,3,0,5,2564,False
triangle_neutralized,11,47,17,4,4,0,5,2564,False
triangle_neutralized,11,48,18,4,4,0,5,2564,False
triangle_neutralized,11,49,19,3,3,0,5,2564,False
triangle_neutralized,11,50,20,2,2,0,5,2564,False
triangle_neutralized,11,51,21,3,3,0,5,2564,False
triangle_neutralized,11,52,22,4,4,0,5,2564,False
triangle_neutralized,11,53,23,4,4,0,5,2564,False
triangle_neutralized,11,54,24,3,3,0,5,2564,False
triangle_neutralized,11,55,25,2,2,0,5,2564,False
triangle_neutralized,11,56,26,3,3,0,5,2564,False
triangle_neutralized,11,57,27,4,4,0,5,2564,False
triangle_neutralized,11,58,28,4,4,0,5,2564,False
triangle_neutralized,11,59,29,3,3,0,5,2564,False
triangle_neutralized,12,0,30,4,4,0,5,2564,False
triangle_neutralized,12,1,31,3,3,0,5,2564,False
triangle_neutralized,12,2,32,2,2,0,5,2564,False
triangle_neutralized,12,3,33,3,3,0,5,2564,False
triangle_neutralized,12,4,34,4,4,0,5,2564,False
triangle_neutralized,12,5,35,5,6,-1,5,2564,False
triangle_neutralized,12,6,36,4,4,0,5,2564,False
triangle_neutralized,12,7,37,2,2,0,5,2564,False
triangle_neutralized,12,8,38,2,2,0,5,2564,False
triangle_neutralized,12,9,39,4,4,0,5,2564,False
triangle_neutralized,12,10,40,2,2,0,5,2564,False
triangle_neutralized,12,11,41,3,3,0,5,2564,False
triangle_neutralized,12,12,42,4,4,0,5,2564,False
triangle_neutralized,12,13,43,4,4,0,5,2564,False
triangle_neutralized,12,14,44,3,3,0,5,2564,False
triangle_neutralized,12,15,45,2,2,0,5,2564,False
triangle_neutralized,12,16,46,3,3,0,5,2564,False
triangle_neutralized,12,17,47,4,4,0,5,2564,False
triangle_neutralized,12,18,48,4,4,0,5,2564,False
triangle_neutralized,12,19,49,3,3,0,5,2564,False
triangle_neutralized,12,20,50,2,2,0,5,2564,False
triangle_neutralized,12,21,51,3,3,0,5,2564,False
triangle_neutralized,12,22,52,4,4,0,5,2564,False
triangle_neutralized,12,23,53,4,4,0,5,2564,False
triangle_neutralized,12,24,54,3,3,0,5,2564,False
triangle_neutralized,12,25,55,2,2,0,5,2564,False
triangle_neutralized,12,26,56,3,3,0,5,2564,False
triangle_neutralized,12,27,57,4,4,0,5,2564,False
triangle_neutralized,12,28,58,4,4,0,5,2564,False
triangle_neutralized,12,29,59,3,3,0,5,2564,False
triangle_neutralized,12,30,0,4,4,0,5,2564,False
triangle_neutralized,12,31,1,3,3,0,5,2564,False
triangle_neutralized,12,32,2,2,2,0,5,2564,False
triangle_neutralized,12,33,3,3,3,0,5,2564,False
triangle_neutralized,12,34,4,4,4,0,5,2564,False
triangle_neutralized,12,35,5,5,6,-1,5,2564,False
triangle_neutralized,12,36,6,4,4,0,5,2564,False
triangle_neutralized,12,37,7,2,2,0,5,2564,False
triangle_neutralized,12,38,8,2,2,0,5,2564,False
triangle_neutralized,12,39,9,4,4,0,5,2564,False
triangle_neutralized,12,40,10,2,2,0,5,2564,False
triangle_neutralized,12,41,11,3,3,0,5,2564,False
triangle_neutralized,12,42,12,4,4,0,5,2564,False
triangle_neutralized,12,43,13,4,4,0,5,2564,False
triangle_neutralized,12,44,14,3,3,0,5,2564,False
triangle_neutralized,12,45,15,2,2,0,5,2564,False
triangle_neutralized,12,46,16,3,3,0,5,2564,False
triangle_neutralized,12,47,17,4,4,0,5,2564,False
triangle_neutralized,12,48,18,4,4,0,5,2564,False
triangle_neutralized,12,49,19,3,3,0,5,2564,False
triangle_neutralized,12,50,20,2,2,0,5,2564,False
triangle_neutralized,12,51,21,3,3,0,5,2564,False
triangle_neutralized,12,52,22,4,4,0,5,2564,False
triangle_neutralized,12,53,23,4,4,0,5,2564,False
triangle_neutralized,12,54,24,3,3,0,5,2564,False
triangle_neutralized,12,55,25,2,2,0,5,2564,False
triangle_neutralized,12,56,26,3,3,0,5,2564,False
triangle_neutralized,12,57,27,4,4,0,5,2564,False
triangle_neutralized,12,58,28,4,4,0,5,2564,False
triangle_neutralized,12,59,29,3,3,0,5,2564,False
triangle_neutralized,13,0,30,4,4,0,5,2564,False
triangle_neutralized,13,1,31,3,3,0,5,2564,False
triangle_neutralized,13,2,32,2,2,0,5,2564,False
triangle_neutralized,13,3,33,3,3,0,5,2564,False
triangle_neutralized,13,4,34,4,4,0,5,2564,False
triangle_neutralized,13,5,35,5,6,-1,5,2564,False
triangle_neutralized,13,6,36,4,4,0,5,2564,False
triangle_neutralized,13,7,37,2,2,0,5,2564,False
triangle_neutralized,13,8,38,2,2,0,5,2564,False
triangle_neutralized,13,9,39,4,4,0,5,2564,False
triangle_neutralized,13,10,40,2,2,0,5,2564,False
triangle_neutralized,13,11,41,3,3,0,5,2564,False
triangle_neutralized,13,12,42,4,4,0,5,2564,False
triangle_neutralized,13,13,43,4,4,0,5,2564,False
triangle_neutralized,13,14,44,3,3,0,5,2564,False
triangle_neutralized,13,15,45,2,2,0,5,2564,False
triangle_neutralized,13,16,46,3,3,0,5,2564,False
triangle_neutralized,13,17,47,4,4,0,5,2564,False
triangle_neutralized,13,18,48,4,4,0,5,2564,False
triangle_neutralized,13,19,49,3,3,0,5,2564,False
triangle_neutralized,13,20,50,2,2,0,5,2564,False
triangle_neutralized,13,21,51,3,3,0,5,2564,False
triangle_neutralized,13,22,52,4,4,0,5,2564,False
triangle_neutralized,13,23,53,4,4,0,5,2564,False
triangle_neutralized,13,24,54,3,3,0,5,2564,False
triangle_neutralized,13,25,55,2,2,0,5,2564,False
triangle_neutralized,13,26,56,3,3,0,5,2564,False
triangle_neutralized,13,27,57,4,4,0,5,2564,False
triangle_neutralized,13,28,58,4,4,0,5,2564,False
triangle_neutralized,13,29,59,3,3,0,5,2564,False
triangle_neutralized,13,30,0,4,4,0,5,2564,False
triangle_neutralized,13,31,1,3,3,0,5,2564,False
triangle_neutralized,13,32,2,2,2,0,5,2564,False
triangle_neutralized,13,33,3,3,3,0,5,2564,False
triangle_neutralized,13,34,4,4,4,0,5,2564,False
triangle_neutralized,13,35,5,5,6,-1,5,2564,False
triangle_neutralized,13,36,6,4,4,0,5,2564,False
triangle_neutralized,13,37,7,2,2,0,5,2564,False
triangle_neutralized,13,38,8,2,2,0,5,2564,False
triangle_neutralized,13,39,9,4,4,0,5,2564,False
triangle_neutralized,13,40,10,2,2,0,5,2564,False
triangle_neutralized,13,41,11,3,3,0,5,2564,False
triangle_neutralized,13,42,12,4,4,0,5,2564,False
triangle_neutralized,13,43,13,4,4,0,5,2564,False
triangle_neutralized,13,44,14,3,3,0,5,2564,False
triangle_neutralized,13,45,15,2,2,0,5,2564,False
triangle_neutralized,13,46,16,3,3,0,5,2564,False
triangle_neutralized,13,47,17,4,4,0,5,2564,False
triangle_neutralized,13,48,18,4,4,0,5,2564,False
triangle_neutralized,13,49,19,3,3,0,5,2564,False
triangle_neutralized,13,50,20,2,2,0,5,2564,False
triangle_neutralized,13,51,21,3,3,0,5,2564,False
triangle_neutralized,13,52,22,4,4,0,5,2564,False
triangle_neutralized,13,53,23,4,4,0,5,2564,False
triangle_neutralized,13,54,24,3,3,0,5,2564,False
triangle_neutralized,13,55,25,2,2,0,5,2564,False
triangle_neutralized,13,56,26,3,3,0,5,2564,False
triangle_neutralized,13,57,27,4,4,0,5,2564,False
triangle_neutralized,13,58,28,4,4,0,5,2564,False
triangle_neutralized,13,59,29,3,3,0,5,2564,False
triangle_neutralized,14,0,30,4,4,0,5,2520,False
triangle_neutralized,14,1,31,3,3,0,5,2520,False
triangle_neutralized,14,2,32,2,2,0,5,2520,False
triangle_neutralized,14,3,33,3,3,0,5,2520,False
triangle_neutralized,14,4,34,4,4,0,5,2520,False
triangle_neutralized,14,5,35,4,6,-2,5,2520,False
triangle_neutralized,14,6,36,4,4,0,5,2520,False
triangle_neutralized,14,7,37,2,2,0,5,2520,False
triangle_neutralized,14,8,38,2,2,0,5,2520,False
triangle_neutralized,14,9,39,4,4,0,5,2520,False
triangle_neutralized,14,10,40,2,2,0,5,2520,False
triangle_neutralized,14,11,41,3,3,0,5,2520,False
triangle_neutralized,14,12,42,4,4,0,5,2520,False
triangle_neutralized,14,13,43,4,4,0,5,2520,False
triangle_neutralized,14,14,44,3,3,0,5,2520,False
triangle_neutralized,14,15,45,2,2,0,5,2520,False
triangle_neutralized,14,16,46,3,3,0,5,2520,False
triangle_neutralized,14,17,47,4,4,0,5,2520,False
triangle_neutralized,14,18,48,4,4,0,5,2520,False
triangle_neutralized,14,19,49,3,3,0,5,2520,False
triangle_neutralized,14,20,50,2,2,0,5,2520,False
triangle_neutralized,14,21,51,3,3,0,5,2520,False
triangle_neutralized,14,22,52,4,4,0,5,2520,False
triangle_neutralized,14,23,53,4,4,0,5,2520,False
triangle_neutralized,14,24,54,3,3,0,5,2520,False
triangle_neutralized,14,25,55,2,2,0,5,2520,False
triangle_neutralized,14,26,56,3,3,0,5,2520,False
triangle_neutralized,14,27,57,4,4,0,5,2520,False
triangle_neutralized,14,28,58,4,4,0,5,2520,False
triangle_neutralized,14,29,59,3,3,0,5,2520,False
triangle_neutralized,14,30,0,4,4,0,5,2520,False
triangle_neutralized,14,31,1,3,3,0,5,2520,False
triangle_neutralized,14,32,2,2,2,0,5,2520,False
triangle_neutralized,14,33,3,3,3,0,5,2520,False
triangle_neutralized,14,34,4,4,4,0,5,2520,False
triangle_neutralized,14,35,5,4,6,-2,5,2520,False
triangle_neutralized,14,36,6,4,4,0,5,2520,False
triangle_neutralized,14,37,7,2,2,0,5,2520,False
triangle_neutralized,14,38,8,2,2,0,5,2520,False
triangle_neutralized,14,39,9,4,4,0,5,2520,False
triangle_neutralized,14,40,10,2,2,0,5,2520,False
triangle_neutralized,14,41,11,3,3,0,5,2520,False
triangle_neutralized,14,42,12,4,4,0,5,2520,False
triangle_neutralized,14,43,13,4,4,0,5,2520,False
triangle_neutralized,14,44,14,3,3,0,5,2520,False
triangle_neutralized,14,45,15,2,2,0,5,2520,False
triangle_neutralized,14,46,16,3,3,0,5,2520,False
triangle_neutralized,14,47,17,4,4,0,5,2520,False
triangle_neutralized,14,48,18,4,4,0,5,2520,False
triangle_neutralized,14,49,19,3,3,0,5,2520,False
triangle_neutralized,14,50,20,2,2,0,5,2520,False
triangle_neutralized,14,51,21,3,3,0,5,2520,False
triangle_neutralized,14,52,22,4,4,0,5,2520,False
triangle_neutralized,14,53,23,4,4,0,5,2520,False
triangle_neutralized,14,54,24,3,3,0,5,2520,False
triangle_neutralized,14,55,25,2,2,0,5,2520,False
triangle_neutralized,14,56,26,3,3,0,5,2520,False
triangle_neutralized,14,57,27,4,4,0,5,2520,False
triangle_neutralized,14,58,28,4,4,0,5,2520,False
triangle_neutralized,14,59,29,3,3,0,5,2520,False
