name,is_neutralizer,toggle_edges,mean_actual_delta,compressed_count,unchanged_count,expanded_count,delta_counts,signed_distance_counts
zero_odd_000,True,"[[0, 1], [0, 4], [1, 2], [2, 3], [5, 10]]",-0.057777777777777775,30,870,0,"{""-2"": 22, ""-1"": 8, ""0"": 870}","{""2"": 210, ""3"": 300, ""4"": 382, ""5"": 8}"
zero_odd_001,False,"[[0, 1], [0, 4], [1, 2], [2, 3], [5, 14]]",-0.057777777777777775,30,870,0,"{""-2"": 22, ""-1"": 8, ""0"": 870}","{""2"": 210, ""3"": 300, ""4"": 382, ""5"": 8}"
zero_odd_002,False,"[[0, 1], [0, 4], [1, 2], [2, 3], [10, 14]]",-0.057777777777777775,30,870,0,"{""-2"": 22, ""-1"": 8, ""0"": 870}","{""2"": 210, ""3"": 300, ""4"": 382, ""5"": 8}"
zero_odd_003,False,"[[0, 1], [0, 4], [1, 2], [2, 8], [5, 10]]",-0.057777777777777775,30,870,0,"{""-2"": 22, ""-1"": 8, ""0"": 870}","{""2"": 210, ""3"": 300, ""4"": 382, ""5"": 8}"
zero_odd_004,False,"[[0, 1], [0, 4], [1, 2], [2, 8], [5, 14]]",-0.057777777777777775,30,870,0,"{""-2"": 22, ""-1"": 8, ""0"": 870}","{""2"": 210, ""3"": 300, ""4"": 382, ""5"": 8}"
zero_odd_005,False,"[[0, 1], [0, 4], [1, 2], [2, 8], [10, 14]]",-0.05555555555555555,28,872,0,"{""-2"": 22, ""-1"": 6, ""0"": 872}","{""2"": 210, ""3"": 300, ""4"": 382, ""5"": 6, ""6"": 2}"
zero_odd_006,False,"[[0, 1], [0, 4], [1, 2], [3, 8], [5, 10]]",-0.057777777777777775,30,870,0,"{""-2"": 22, ""-1"": 8, ""0"": 870}","{""2"": 210, ""3"": 300, ""4"": 382, ""5"": 8}"
zero_odd_007,False,"[[0, 1], [0, 4], [1, 2], [3, 8], [5, 14]]",-0.057777777777777775,30,870,0,"{""-2"": 22, ""-1"": 8, ""0"": 870}","{""2"": 210, ""3"": 300, ""4"": 382, ""5"": 8}"
zero_odd_008,False,"[[0, 1], [0, 4], [1, 2], [3, 8], [10, 14]]",-0.05555555555555555,28,872,0,"{""-2"": 22, ""-1"": 6, ""0"": 872}","{""2"": 210, ""3"": 300, ""4"": 382, ""5"": 6, ""6"": 2}"
zero_odd_009,False,"[[0, 1], [0, 4], [1, 7], [2, 3], [5, 10]]",-0.057777777777777775,30,870,0,"{""-2"": 22, ""-1"": 8, ""0"": 870}","{""2"": 210, ""3"": 300, ""4"": 382, ""5"": 8}"
zero_odd_010,False,"[[0, 1], [0, 4], [1, 7], [2, 3], [5, 14]]",-0.057777777777777775,30,870,0,"{""-2"": 22, ""-1"": 8, ""0"": 870}","{""2"": 210, ""3"": 300, ""4"": 382, ""5"": 8}"
zero_odd_011,False,"[[0, 1], [0, 4], [1, 7], [2, 3], [10, 14]]",-0.057777777777777775,30,870,0,"{""-2"": 22, ""-1"": 8, ""0"": 870}","{""2"": 210, ""3"": 300, ""4"": 382, ""5"": 8}"
zero_odd_012,False,"[[0, 1], [0, 4], [1, 7], [2, 8], [5, 10]]",-0.057777777777777775,30,870,0,"{""-2"": 22, ""-1"": 8, ""0"": 870}","{""2"": 210, ""3"": 300, ""4"": 382, ""5"": 8}"
zero_odd_013,False,"[[0, 1], [0, 4], [1, 7], [2, 8], [5, 14]]",-0.057777777777777775,30,870,0,"{""-2"": 22, ""-1"": 8, ""0"": 870}","{""2"": 210, ""3"": 300, ""4"": 382, ""5"": 8}"
zero_odd_014,False,"[[0, 1], [0, 4], [1, 7], [2, 8], [10, 14]]",-0.057777777777777775,30,870,0,"{""-2"": 22, ""-1"": 8, ""0"": 870}","{""2"": 210, ""3"": 300, ""4"": 382, ""5"": 8}"
zero_odd_015,False,"[[0, 1], [0, 4], [1, 7], [3, 8], [5, 10]]",-0.057777777777777775,30,870,0,"{""-2"": 22, ""-1"": 8, ""0"": 870}","{""2"": 210, ""3"": 300, ""4"": 382, ""5"": 8}"
zero_odd_016,False,"[[0, 1], [0, 4], [1, 7], [3, 8], [5, 14]]",-0.057777777777777775,30,870,0,"{""-2"": 22, ""-1"": 8, ""0"": 870}","{""2"": 210, ""3"": 300, ""4"": 382, ""5"": 8}"
zero_odd_017,False,"[[0, 1], [0, 4], [1, 7], [3, 8], [10, 14]]",-0.057777777777777775,30,870,0,"{""-2"": 22, ""-1"": 8, ""0"": 870}","{""2"": 210, ""3"": 300, ""4"": 382, ""5"": 8}"
zero_odd_018,False,"[[0, 1], [0, 4], [2, 3], [2, 7], [5, 10]]",-0.057777777777777775,30,870,0,"{""-2"": 22, ""-1"": 8, ""0"": 870}","{""2"": 210, ""3"": 300, ""4"": 382, ""5"": 8}"
zero_odd_019,False,"[[0, 1], [0, 4], [2, 3], [2, 7], [5, 14]]",-0.057777777777777775,30,870,0,"{""-2"": 22, ""-1"": 8, ""0"": 870}","{""2"": 210, ""3"": 300, ""4"": 382, ""5"": 8}"
zero_odd_020,False,"[[0, 1], [0, 4], [2, 3], [2, 7], [10, 14]]",-0.05555555555555555,28,872,0,"{""-2"": 22, ""-1"": 6, ""0"": 872}","{""2"": 210, ""3"": 300, ""4"": 382, ""5"": 6, ""6"": 2}"
zero_odd_021,False,"[[0, 1], [0, 4], [2, 7], [2, 8], [5, 10]]",-0.057777777777777775,30,870,0,"{""-2"": 22, ""-1"": 8, ""0"": 870}","{""2"": 210, ""3"": 300, ""4"": 382, ""5"": 8}"
zero_odd_022,False,"[[0, 1], [0, 4], [2, 7], [2, 8], [5, 14]]",-0.057777777777777775,30,870,0,"{""-2"": 22, ""-1"": 8, ""0"": 870}","{""2"": 210, ""3"": 300, ""4"": 382, ""5"": 8}"
zero_odd_023,False,"[[0, 1], [0, 4], [2, 7], [2, 8], [10, 14]]",-0.057777777777777775,30,870,0,"{""-2"": 22, ""-1"": 8, ""0"": 870}","{""2"": 210, ""3"": 300, ""4"": 382, ""5"": 8}"
zero_odd_024,False,"[[0, 1], [0, 4], [2, 7], [3, 8], [5, 10]]",-0.057777777777777775,30,870,0,"{""-2"": 22, ""-1"": 8, ""0"": 870}","{""2"": 210, ""3"": 300, ""4"": 382, ""5"": 8}"
zero_odd_025,False,"[[0, 1], [0, 4], [2, 7], [3, 8], [5, 14]]",-0.057777777777777775,30,870,0,"{""-2"": 22, ""-1"": 8, ""0"": 870}","{""2"": 210, ""3"": 300, ""4"": 382, ""5"": 8}"
zero_odd_026,False,"[[0, 1], [0, 4], [2, 7], [3, 8], [10, 14]]",-0.057777777777777775,30,870,0,"{""-2"": 22, ""-1"": 8, ""0"": 870}","{""2"": 210, ""3"": 300, ""4"": 382, ""5"": 8}"
zero_odd_027,False,"[[0, 1], [0, 5], [1, 2], [2, 3], [5, 10]]",-0.057777777777777775,30,870,0,"{""-2"": 22, ""-1"": 8, ""0"": 870}","{""2"": 210, ""3"": 300, ""4"": 382, ""5"": 8}"
zero_odd_028,False,"[[0, 1], [0, 5], [1, 2], [2, 3], [5, 14]]",-0.057777777777777775,30,870,0,"{""-2"": 22, ""-1"": 8, ""0"": 870}","{""2"": 210, ""3"": 300, ""4"": 382, ""5"": 8}"
zero_odd_029,False,"[[0, 1], [0, 5], [1, 2], [2, 3], [10, 14]]",-0.057777777777777775,30,870,0,"{""-2"": 22, ""-1"": 8, ""0"": 870}","{""2"": 210, ""3"": 300, ""4"": 382, ""5"": 8}"
zero_odd_030,False,"[[0, 1], [0, 5], [1, 2], [2, 8], [5, 10]]",-0.057777777777777775,30,870,0,"{""-2"": 22, ""-1"": 8, ""0"": 870}","{""2"": 210, ""3"": 300, ""4"": 382, ""5"": 8}"
zero_odd_031,False,"[[0, 1], [0, 5], [1, 2], [2, 8], [5, 14]]",-0.057777777777777775,30,870,0,"{""-2"": 22, ""-1"": 8, ""0"": 870}","{""2"": 210, ""3"": 300, ""4"": 382, ""5"": 8}"
zero_odd_032,False,"[[0, 1], [0, 5], [1, 2], [2, 8], [10, 14]]",-0.05555555555555555,28,872,0,"{""-2"": 22, ""-1"": 6, ""0"": 872}","{""2"": 210, ""3"": 300, ""4"": 382, ""5"": 6, ""6"": 2}"
zero_odd_033,False,"[[0, 1], [0, 5], [1, 2], [3, 8], [5, 10]]",-0.057777777777777775,30,870,0,"{""-2"": 22, ""-1"": 8, ""0"": 870}","{""2"": 210, ""3"": 300, ""4"": 382, ""5"": 8}"
zero_odd_034,False,"[[0, 1], [0, 5], [1, 2], [3, 8], [5, 14]]",-0.05555555555555555,28,872,0,"{""-2"": 22, ""-1"": 6, ""0"": 872}","{""2"": 210, ""3"": 300, ""4"": 382, ""5"": 6, ""6"": 2}"
zero_odd_035,False,"[[0, 1], [0, 5], [1, 2], [3, 8], [10, 14]]",-0.04888888888888889,22,878,0,"{""-2"": 22, ""0"": 878}","{""2"": 210, ""3"": 300, ""4"": 382, ""6"": 8}"
zero_odd_036,False,"[[0, 1], [0, 5], [1, 7], [2, 3], [5, 10]]",-0.057777777777777775,30,870,0,"{""-2"": 22, ""-1"": 8, ""0"": 870}","{""2"": 210, ""3"": 300, ""4"": 382, ""5"": 8}"
zero_odd_037,False,"[[0, 1], [0, 5], [1, 7], [2, 3], [5, 14]]",-0.057777777777777775,30,870,0,"{""-2"": 22, ""-1"": 8, ""0"": 870}","{""2"": 210, ""3"": 300, ""4"": 382, ""5"": 8}"
zero_odd_038,False,"[[0, 1], [0, 5], [1, 7], [2, 3], [10, 14]]",-0.057777777777777775,30,870,0,"{""-2"": 22, ""-1"": 8, ""0"": 870}","{""2"": 210, ""3"": 300, ""4"": 382, ""5"": 8}"
zero_odd_039,False,"[[0, 1], [0, 5], [1, 7], [2, 8], [5, 10]]",-0.057777777777777775,30,870,0,"{""-2"": 22, ""-1"": 8, ""0"": 870}","{""2"": 210, ""3"": 300, ""4"": 382, ""5"": 8}"
zero_odd_040,False,"[[0, 1], [0, 5], [1, 7], [2, 8], [5, 14]]",-0.057777777777777775,30,870,0,"{""-2"": 22, ""-1"": 8, ""0"": 870}","{""2"": 210, ""3"": 300, ""4"": 382, ""5"": 8}"
zero_odd_041,False,"[[0, 1], [0, 5], [1, 7], [2, 8], [10, 14]]",-0.057777777777777775,30,870,0,"{""-2"": 22, ""-1"": 8, ""0"": 870}","{""2"": 210, ""3"": 300, ""4"": 382, ""5"": 8}"
zero_odd_042,False,"[[0, 1], [0, 5], [1, 7], [3, 8], [5, 10]]",-0.057777777777777775,30,870,0,"{""-2"": 22, ""-1"": 8, ""0"": 870}","{""2"": 210, ""3"": 300, ""4"": 382, ""5"": 8}"
zero_odd_043,False,"[[0, 1], [0, 5], [1, 7], [3, 8], [5, 14]]",-0.05555555555555555,28,872,0,"{""-2"": 22, ""-1"": 6, ""0"": 872}","{""2"": 210, ""3"": 300, ""4"": 382, ""5"": 6, ""6"": 2}"
zero_odd_044,False,"[[0, 1], [0, 5], [1, 7], [3, 8], [10, 14]]",-0.05555555555555555,28,872,0,"{""-2"": 22, ""-1"": 6, ""0"": 872}","{""2"": 210, ""3"": 300, ""4"": 382, ""5"": 6, ""6"": 2}"
zero_odd_045,False,"[[0, 1], [0, 5], [2, 3], [2, 7], [5, 10]]",-0.057777777777777775,30,870,0,"{""-2"": 22, ""-1"": 8, ""0"": 870}","{""2"": 210, ""3"": 300, ""4"": 382, ""5"": 8}"
zero_odd_046,False,"[[0, 1], [0, 5], [2, 3], [2, 7], [5, 14]]",-0.057777777777777775,30,870,0,"{""-2"": 22, ""-1"": 8, ""0"": 870}","{""2"": 210, ""3"": 300, ""4"": 382, ""5"": 8}"
zero_odd_047,False,"[[0, 1], [0, 5], [2, 3], [2, 7], [10, 14]]",-0.05555555555555555,28,872,0,"{""-2"": 22, ""-1"": 6, ""0"": 872}","{""2"": 210, ""3"": 300, ""4"": 382, ""5"": 6, ""6"": 2}"
zero_odd_048,False,"[[0, 1], [0, 5], [2, 7], [2, 8], [5, 10]]",-0.057777777777777775,30,870,0,"{""-2"": 22, ""-1"": 8, ""0"": 870}","{""2"": 210, ""3"": 300, ""4"": 382, ""5"": 8}"
zero_odd_049,False,"[[0, 1], [0, 5], [2, 7], [2, 8], [5, 14]]",-0.057777777777777775,30,870,0,"{""-2"": 22, ""-1"": 8, ""0"": 870}","{""2"": 210, ""3"": 300, ""4"": 382, ""5"": 8}"
zero_odd_050,False,"[[0, 1], [0, 5], [2, 7], [2, 8], [10, 14]]",-0.057777777777777775,30,870,0,"{""-2"": 22, ""-1"": 8, ""0"": 870}","{""2"": 210, ""3"": 300, ""4"": 382, ""5"": 8}"
zero_odd_051,False,"[[0, 1], [0, 5], [2, 7], [3, 8], [5, 10]]",-0.057777777777777775,30,870,0,"{""-2"": 22, ""-1"": 8, ""0"": 870}","{""2"": 210, ""3"": 300, ""4"": 382, ""5"": 8}"
zero_odd_052,False,"[[0, 1], [0, 5], [2, 7], [3, 8], [5, 14]]",-0.057777777777777775,30,870,0,"{""-2"": 22, ""-1"": 8, ""0"": 870}","{""2"": 210, ""3"": 300, ""4"": 382, ""5"": 8}"
zero_odd_053,False,"[[0, 1], [0, 5], [2, 7], [3, 8], [10, 14]]",-0.05555555555555555,28,872,0,"{""-2"": 22, ""-1"": 6, ""0"": 872}","{""2"": 210, ""3"": 300, ""4"": 382, ""5"": 6, ""6"": 2}"
zero_odd_054,False,"[[0, 1], [1, 2], [2, 3], [4, 5], [5, 10]]",-0.057777777777777775,30,870,0,"{""-2"": 22, ""-1"": 8, ""0"": 870}","{""2"": 210, ""3"": 300, ""4"": 382, ""5"": 8}"
zero_odd_055,False,"[[0, 1], [1, 2], [2, 3], [4, 5], [5, 14]]",-0.057777777777777775,30,870,0,"{""-2"": 22, ""-1"": 8, ""0"": 870}","{""2"": 210, ""3"": 300, ""4"": 382, ""5"": 8}"
zero_odd_056,False,"[[0, 1], [1, 2], [2, 3], [4, 5], [10, 14]]",-0.057777777777777775,30,870,0,"{""-2"": 22, ""-1"": 8, ""0"": 870}","{""2"": 210, ""3"": 300, ""4"": 382, ""5"": 8}"
zero_odd_057,False,"[[0, 1], [1, 2], [2, 8], [4, 5], [5, 10]]",-0.057777777777777775,30,870,0,"{""-2"": 22, ""-1"": 8, ""0"": 870}","{""2"": 210, ""3"": 300, ""4"": 382, ""5"": 8}"
zero_odd_058,False,"[[0, 1], [1, 2], [2, 8], [4, 5], [5, 14]]",-0.057777777777777775,30,870,0,"{""-2"": 22, ""-1"": 8, ""0"": 870}","{""2"": 210, ""3"": 300, ""4"": 382, ""5"": 8}"
zero_odd_059,False,"[[0, 1], [1, 2], [2, 8], [4, 5], [10, 14]]",-0.057777777777777775,30,870,0,"{""-2"": 22, ""-1"": 8, ""0"": 870}","{""2"": 210, ""3"": 300, ""4"": 382, ""5"": 8}"
zero_odd_060,False,"[[0, 1], [1, 2], [3, 8], [4, 5], [5, 10]]",-0.05555555555555555,28,872,0,"{""-2"": 22, ""-1"": 6, ""0"": 872}","{""2"": 210, ""3"": 300, ""4"": 382, ""5"": 6, ""6"": 2}"
zero_odd_061,False,"[[0, 1], [1, 2], [3, 8], [4, 5], [5, 14]]",-0.057777777777777775,30,870,0,"{""-2"": 22, ""-1"": 8, ""0"": 870}","{""2"": 210, ""3"": 300, ""4"": 382, ""5"": 8}"
zero_odd_062,False,"[[0, 1], [1, 2], [3, 8], [4, 5], [10, 14]]",-0.05555555555555555,28,872,0,"{""-2"": 22, ""-1"": 6, ""0"": 872}","{""2"": 210, ""3"": 300, ""4"": 382, ""5"": 6, ""6"": 2}"
zero_odd_063,False,"[[0, 1], [1, 7], [2, 3], [4, 5], [5, 10]]",-0.057777777777777775,30,870,0,"{""-2"": 22, ""-1"": 8, ""0"": 870}","{""2"": 210, ""3"": 300, ""4"": 382, ""5"": 8}"
zero_odd_064,False,"[[0, 1], [1, 7], [2, 3], [4, 5], [5, 14]]",-0.057777777777777775,30,870,0,"{""-2"": 22, ""-1"": 8, ""0"": 870}","{""2"": 210, ""3"": 300, ""4"": 382, ""5"": 8}"
zero_odd_065,False,"[[0, 1], [1, 7], [2, 3], [4, 5], [10, 14]]",-0.057777777777777775,30,870,0,"{""-2"": 22, ""-1"": 8, ""0"": 870}","{""2"": 210, ""3"": 300, ""4"": 382, ""5"": 8}"
zero_odd_066,False,"[[0, 1], [1, 7], [2, 8], [4, 5], [5, 10]]",-0.057777777777777775,30,870,0,"{""-2"": 22, ""-1"": 8, ""0"": 870}","{""2"": 210, ""3"": 300, ""4"": 382, ""5"": 8}"
zero_odd_067,False,"[[0, 1], [1, 7], [2, 8], [4, 5], [5, 14]]",-0.057777777777777775,30,870,0,"{""-2"": 22, ""-1"": 8, ""0"": 870}","{""2"": 210, ""3"": 300, ""4"": 382, ""5"": 8}"
zero_odd_068,False,"[[0, 1], [1, 7], [2, 8], [4, 5], [10, 14]]",-0.057777777777777775,30,870,0,"{""-2"": 22, ""-1"": 8, ""0"": 870}","{""2"": 210, ""3"": 300, ""4"": 382, ""5"": 8}"
zero_odd_069,False,"[[0, 1], [1, 7], [3, 8], [4, 5], [5, 10]]",-0.05555555555555555,28,872,0,"{""-2"": 22, ""-1"": 6, ""0"": 872}","{""2"": 210, ""3"": 300, ""4"": 382, ""5"": 6, ""6"": 2}"
zero_odd_070,False,"[[0, 1], [1, 7], [3, 8], [4, 5], [5, 14]]",-0.057777777777777775,30,870,0,"{""-2"": 22, ""-1"": 8, ""0"": 870}","{""2"": 210, ""3"": 300, ""4"": 382, ""5"": 8}"
zero_odd_071,False,"[[0, 1], [1, 7], [3, 8], [4, 5], [10, 14]]",-0.057777777777777775,30,870,0,"{""-2"": 22, ""-1"": 8, ""0"": 870}","{""2"": 210, ""3"": 300, ""4"": 382, ""5"": 8}"
zero_odd_072,False,"[[0, 1], [2, 3], [2, 7], [4, 5], [5, 10]]",-0.057777777777777775,30,870,0,"{""-2"": 22, ""-1"": 8, ""0"": 870}","{""2"": 210, ""3"": 300, ""4"": 382, ""5"": 8}"
zero_odd_073,False,"[[0, 1], [2, 3], [2, 7], [4, 5], [5, 14]]",-0.057777777777777775,30,870,0,"{""-2"": 22, ""-1"": 8, ""0"": 870}","{""2"": 210, ""3"": 300, ""4"": 382, ""5"": 8}"
zero_odd_074,False,"[[0, 1], [2, 3], [2, 7], [4, 5], [10, 14]]",-0.057777777777777775,30,870,0,"{""-2"": 22, ""-1"": 8, ""0"": 870}","{""2"": 210, ""3"": 300, ""4"": 382, ""5"": 8}"
zero_odd_075,False,"[[0, 1], [2, 7], [2, 8], [4, 5], [5, 10]]",-0.057777777777777775,30,870,0,"{""-2"": 22, ""-1"": 8, ""0"": 870}","{""2"": 210, ""3"": 300, ""4"": 382, ""5"": 8}"
zero_odd_076,False,"[[0, 1], [2, 7], [2, 8], [4, 5], [5, 14]]",-0.057777777777777775,30,870,0,"{""-2"": 22, ""-1"": 8, ""0"": 870}","{""2"": 210, ""3"": 300, ""4"": 382, ""5"": 8}"
zero_odd_077,False,"[[0, 1], [2, 7], [2, 8], [4, 5], [10, 14]]",-0.057777777777777775,30,870,0,"{""-2"": 22, ""-1"": 8, ""0"": 870}","{""2"": 210, ""3"": 300, ""4"": 382, ""5"": 8}"
zero_odd_078,False,"[[0, 1], [2, 7], [3, 8], [4, 5], [5, 10]]",-0.057777777777777775,30,870,0,"{""-2"": 22, ""-1"": 8, ""0"": 870}","{""2"": 210, ""3"": 300, ""4"": 382, ""5"": 8}"
zero_odd_079,False,"[[0, 1], [2, 7], [3, 8], [4, 5], [5, 14]]",-0.057777777777777775,30,870,0,"{""-2"": 22, ""-1"": 8, ""0"": 870}","{""2"": 210, ""3"": 300, ""4"": 382, ""5"": 8}"
zero_odd_080,False,"[[0, 1], [2, 7], [3, 8], [4, 5], [10, 14]]",-0.05555555555555555,28,872,0,"{""-2"": 22, ""-1"": 6, ""0"": 872}","{""2"": 210, ""3"": 300, ""4"": 382, ""5"": 6, ""6"": 2}"
zero_odd_081,False,"[[0, 4], [0, 6], [1, 2], [2, 3], [5, 10]]",-0.057777777777777775,30,870,0,"{""-2"": 22, ""-1"": 8, ""0"": 870}","{""2"": 210, ""3"": 300, ""4"": 382, ""5"": 8}"
zero_odd_082,False,"[[0, 4], [0, 6], [1, 2], [2, 3], [5, 14]]",-0.057777777777777775,30,870,0,"{""-2"": 22, ""-1"": 8, ""0"": 870}","{""2"": 210, ""3"": 300, ""4"": 382, ""5"": 8}"
zero_odd_083,False,"[[0, 4], [0, 6], [1, 2], [2, 3], [10, 14]]",-0.057777777777777775,30,870,0,"{""-2"": 22, ""-1"": 8, ""0"": 870}","{""2"": 210, ""3"": 300, ""4"": 382, ""5"": 8}"
zero_odd_084,False,"[[0, 4], [0, 6], [1, 2], [2, 8], [5, 10]]",-0.057777777777777775,30,870,0,"{""-2"": 22, ""-1"": 8, ""0"": 870}","{""2"": 210, ""3"": 300, ""4"": 382, ""5"": 8}"
zero_odd_085,False,"[[0, 4], [0, 6], [1, 2], [2, 8], [5, 14]]",-0.057777777777777775,30,870,0,"{""-2"": 22, ""-1"": 8, ""0"": 870}","{""2"": 210, ""3"": 300, ""4"": 382, ""5"": 8}"
zero_odd_086,False,"[[0, 4], [0, 6], [1, 2], [2, 8], [10, 14]]",-0.05555555555555555,28,872,0,"{""-2"": 22, ""-1"": 6, ""0"": 872}","{""2"": 210, ""3"": 300, ""4"": 382, ""5"": 6, ""6"": 2}"
zero_odd_087,False,"[[0, 4], [0, 6], [1, 2], [3, 8], [5, 10]]",-0.057777777777777775,30,870,0,"{""-2"": 22, ""-1"": 8, ""0"": 870}","{""2"": 210, ""3"": 300, ""4"": 382, ""5"": 8}"
zero_odd_088,False,"[[0, 4], [0, 6], [1, 2], [3, 8], [5, 14]]",-0.05555555555555555,28,872,0,"{""-2"": 22, ""-1"": 6, ""0"": 872}","{""2"": 210, ""3"": 300, ""4"": 382, ""5"": 6, ""6"": 2}"
zero_odd_089,False,"[[0, 4], [0, 6], [1, 2], [3, 8], [10, 14]]",-0.04888888888888889,22,878,0,"{""-2"": 22, ""0"": 878}","{""2"": 210, ""3"": 300, ""4"": 382, ""6"": 8}"
zero_odd_090,False,"[[0, 4], [0, 6], [1, 7], [2, 3], [5, 10]]",-0.057777777777777775,30,870,0,"{""-2"": 22, ""-1"": 8, ""0"": 870}","{""2"": 210, ""3"": 300, ""4"": 382, ""5"": 8}"
zero_odd_091,False,"[[0, 4], [0, 6], [1, 7], [2, 3], [5, 14]]",-0.057777777777777775,30,870,0,"{""-2"": 22, ""-1"": 8, ""0"": 870}","{""2"": 210, ""3"": 300, ""4"": 382, ""5"": 8}"
zero_odd_092,False,"[[0, 4], [0, 6], [1, 7], [2, 3], [10, 14]]",-0.057777777777777775,30,870,0,"{""-2"": 22, ""-1"": 8, ""0"": 870}","{""2"": 210, ""3"": 300, ""4"": 382, ""5"": 8}"
zero_odd_093,False,"[[0, 4], [0, 6], [1, 7], [2, 8], [5, 10]]",-0.057777777777777775,30,870,0,"{""-2"": 22, ""-1"": 8, ""0"": 870}","{""2"": 210, ""3"": 300, ""4"": 382, ""5"": 8}"
zero_odd_094,False,"[[0, 4], [0, 6], [1, 7], [2, 8], [5, 14]]",-0.057777777777777775,30,870,0,"{""-2"": 22, ""-1"": 8, ""0"": 870}","{""2"": 210, ""3"": 300, ""4"": 382, ""5"": 8}"
zero_odd_095,False,"[[0, 4], [0, 6], [1, 7], [2, 8], [10, 14]]",-0.057777777777777775,30,870,0,"{""-2"": 22, ""-1"": 8, ""0"": 870}","{""2"": 210, ""3"": 300, ""4"": 382, ""5"": 8}"
zero_odd_096,False,"[[0, 4], [0, 6], [1, 7], [3, 8], [5, 10]]",-0.057777777777777775,30,870,0,"{""-2"": 22, ""-1"": 8, ""0"": 870}","{""2"": 210, ""3"": 300, ""4"": 382, ""5"": 8}"
zero_odd_097,False,"[[0, 4], [0, 6], [1, 7], [3, 8], [5, 14]]",-0.05555555555555555,28,872,0,"{""-2"": 22, ""-1"": 6, ""0"": 872}","{""2"": 210, ""3"": 300, ""4"": 382, ""5"": 6, ""6"": 2}"
zero_odd_098,False,"[[0, 4], [0, 6], [1, 7], [3, 8], [10, 14]]",-0.05555555555555555,28,872,0,"{""-2"": 22, ""-1"": 6, ""0"": 872}","{""2"": 210, ""3"": 300, ""4"": 382, ""5"": 6, ""6"": 2}"
zero_odd_099,False,"[[0, 4], [0, 6], [2, 3], [2, 7], [5, 10]]",-0.057777777777777775,30,870,0,"{""-2"": 22, ""-1"": 8, ""0"": 870}","{""2"": 210, ""3"": 300, ""4"": 382, ""5"": 8}"
zero_odd_100,False,"[[0, 4], [0, 6], [2, 3], [2, 7], [5, 14]]",-0.057777777777777775,30,870,0,"{""-2"": 22, ""-1"": 8, ""0"": 870}","{""2"": 210, ""3"": 300, ""4"": 382, ""5"": 8}"
zero_odd_101,False,"[[0, 4], [0, 6], [2, 3], [2, 7], [10, 14]]",-0.05555555555555555,28,872,0,"{""-2"": 22, ""-1"": 6, ""0"": 872}","{""2"": 210, ""3"": 300, ""4"": 382, ""5"": 6, ""6"": 2}"
zero_odd_102,False,"[[0, 4], [0, 6], [2, 7], [2, 8], [5, 10]]",-0.057777777777777775,30,870,0,"{""-2"": 22, ""-1"": 8, ""0"": 870}","{""2"": 210, ""3"": 300, ""4"": 382, ""5"": 8}"
zero_odd_103,False,"[[0, 4], [0, 6], [2, 7], [2, 8], [5, 14]]",-0.057777777777777775,30,870,0,"{""-2"": 22, ""-1"": 8, ""0"": 870}","{""2"": 210, ""3"": 300, ""4"": 382, ""5"": 8}"
zero_odd_104,False,"[[0, 4], [0, 6], [2, 7], [2, 8], [10, 14]]",-0.057777777777777775,30,870,0,"{""-2"": 22, ""-1"": 8, ""0"": 870}","{""2"": 210, ""3"": 300, ""4"": 382, ""5"": 8}"
zero_odd_105,False,"[[0, 4], [0, 6], [2, 7], [3, 8], [5, 10]]",-0.057777777777777775,30,870,0,"{""-2"": 22, ""-1"": 8, ""0"": 870}","{""2"": 210, ""3"": 300, ""4"": 382, ""5"": 8}"
zero_odd_106,False,"[[0, 4], [0, 6], [2, 7], [3, 8], [5, 14]]",-0.057777777777777775,30,870,0,"{""-2"": 22, ""-1"": 8, ""0"": 870}","{""2"": 210, ""3"": 300, ""4"": 382, ""5"": 8}"
zero_odd_107,False,"[[0, 4], [0, 6], [2, 7], [3, 8], [10, 14]]",-0.05555555555555555,28,872,0,"{""-2"": 22, ""-1"": 6, ""0"": 872}","{""2"": 210, ""3"": 300, ""4"": 382, ""5"": 6, ""6"": 2}"
zero_odd_108,False,"[[0, 4], [1, 2], [1, 6], [2, 3], [5, 10]]",-0.057777777777777775,30,870,0,"{""-2"": 22, ""-1"": 8, ""0"": 870}","{""2"": 210, ""3"": 300, ""4"": 382, ""5"": 8}"
zero_odd_109,False,"[[0, 4], [1, 2], [1, 6], [2, 3], [5, 14]]",-0.057777777777777775,30,870,0,"{""-2"": 22, ""-1"": 8, ""0"": 870}","{""2"": 210, ""3"": 300, ""4"": 382, ""5"": 8}"
zero_odd_110,False,"[[0, 4], [1, 2], [1, 6], [2, 3], [10, 14]]",-0.057777777777777775,30,870,0,"{""-2"": 22, ""-1"": 8, ""0"": 870}","{""2"": 210, ""3"": 300, ""4"": 382, ""5"": 8}"
zero_odd_111,False,"[[0, 4], [1, 2], [1, 6], [2, 8], [5, 10]]",-0.057777777777777775,30,870,0,"{""-2"": 22, ""-1"": 8, ""0"": 870}","{""2"": 210, ""3"": 300, ""4"": 382, ""5"": 8}"
zero_odd_112,False,"[[0, 4], [1, 2], [1, 6], [2, 8], [5, 14]]",-0.057777777777777775,30,870,0,"{""-2"": 22, ""-1"": 8, ""0"": 870}","{""2"": 210, ""3"": 300, ""4"": 382, ""5"": 8}"
zero_odd_113,False,"[[0, 4], [1, 2], [1, 6], [2, 8], [10, 14]]",-0.057777777777777775,30,870,0,"{""-2"": 22, ""-1"": 8, ""0"": 870}","{""2"": 210, ""3"": 300, ""4"": 382, ""5"": 8}"
zero_odd_114,False,"[[0, 4], [1, 2], [1, 6], [3, 8], [5, 10]]",-0.057777777777777775,30,870,0,"{""-2"": 22, ""-1"": 8, ""0"": 870}","{""2"": 210, ""3"": 300, ""4"": 382, ""5"": 8}"
zero_odd_115,False,"[[0, 4], [1, 2], [1, 6], [3, 8], [5, 14]]",-0.057777777777777775,30,870,0,"{""-2"": 22, ""-1"": 8, ""0"": 870}","{""2"": 210, ""3"": 300, ""4"": 382, ""5"": 8}"
zero_odd_116,False,"[[0, 4], [1, 2], [1, 6], [3, 8], [10, 14]]",-0.057777777777777775,30,870,0,"{""-2"": 22, ""-1"": 8, ""0"": 870}","{""2"": 210, ""3"": 300, ""4"": 382, ""5"": 8}"
zero_odd_117,False,"[[0, 4], [1, 6], [1, 7], [2, 3], [5, 10]]",-0.057777777777777775,30,870,0,"{""-2"": 22, ""-1"": 8, ""0"": 870}","{""2"": 210, ""3"": 300, ""4"": 382, ""5"": 8}"
zero_odd_118,False,"[[0, 4], [1, 6], [1, 7], [2, 3], [5, 14]]",-0.057777777777777775,30,870,0,"{""-2"": 22, ""-1"": 8, ""0"": 870}","{""2"": 210, ""3"": 300, ""4"": 382, ""5"": 8}"
zero_odd_119,False,"[[0, 4], [1, 6], [1, 7], [2, 3], [10, 14]]",-0.057777777777777775,30,870,0,"{""-2"": 22, ""-1"": 8, ""0"": 870}","{""2"": 210, ""3"": 300, ""4"": 382, ""5"": 8}"
zero_odd_120,False,"[[0, 4], [1, 6], [1, 7], [2, 8], [5, 10]]",-0.057777777777777775,30,870,0,"{""-2"": 22, ""-1"": 8, ""0"": 870}","{""2"": 210, ""3"": 300, ""4"": 382, ""5"": 8}"
zero_odd_121,False,"[[0, 4], [1, 6], [1, 7], [2, 8], [5, 14]]",-0.057777777777777775,30,870,0,"{""-2"": 22, ""-1"": 8, ""0"": 870}","{""2"": 210, ""3"": 300, ""4"": 382, ""5"": 8}"
zero_odd_122,False,"[[0, 4], [1, 6], [1, 7], [2, 8], [10, 14]]",-0.05555555555555555,28,872,0,"{""-2"": 22, ""-1"": 6, ""0"": 872}","{""2"": 210, ""3"": 300, ""4"": 382, ""5"": 6, ""6"": 2}"
zero_odd_123,False,"[[0, 4], [1, 6], [1, 7], [3, 8], [5, 10]]",-0.057777777777777775,30,870,0,"{""-2"": 22, ""-1"": 8, ""0"": 870}","{""2"": 210, ""3"": 300, ""4"": 382, ""5"": 8}"
zero_odd_124,False,"[[0, 4], [1, 6], [1, 7], [3, 8], [5, 14]]",-0.057777777777777775,30,870,0,"{""-2"": 22, ""-1"": 8, ""0"": 870}","{""2"": 210, ""3"": 300, ""4"": 382, ""5"": 8}"
zero_odd_125,False,"[[0, 4], [1, 6], [1, 7], [3, 8], [10, 14]]",-0.05555555555555555,28,872,0,"{""-2"": 22, ""-1"": 6, ""0"": 872}","{""2"": 210, ""3"": 300, ""4"": 382, ""5"": 6, ""6"": 2}"
zero_odd_126,False,"[[0, 4], [1, 6], [2, 3], [2, 7], [5, 10]]",-0.057777777777777775,30,870,0,"{""-2"": 22, ""-1"": 8, ""0"": 870}","{""2"": 210, ""3"": 300, ""4"": 382, ""5"": 8}"
zero_odd_127,False,"[[0, 4], [1, 6], [2, 3], [2, 7], [5, 14]]",-0.057777777777777775,30,870,0,"{""-2"": 22, ""-1"": 8, ""0"": 870}","{""2"": 210, ""3"": 300, ""4"": 382, ""5"": 8}"
zero_odd_128,False,"[[0, 4], [1, 6], [2, 3], [2, 7], [10, 14]]",-0.057777777777777775,30,870,0,"{""-2"": 22, ""-1"": 8, ""0"": 870}","{""2"": 210, ""3"": 300, ""4"": 382, ""5"": 8}"
zero_odd_129,False,"[[0, 4], [1, 6], [2, 7], [2, 8], [5, 10]]",-0.057777777777777775,30,870,0,"{""-2"": 22, ""-1"": 8, ""0"": 870}","{""2"": 210, ""3"": 300, ""4"": 382, ""5"": 8}"
zero_odd_130,False,"[[0, 4], [1, 6], [2, 7], [2, 8], [5, 14]]",-0.057777777777777775,30,870,0,"{""-2"": 22, ""-1"": 8, ""0"": 870}","{""2"": 210, ""3"": 300, ""4"": 382, ""5"": 8}"
zero_odd_131,False,"[[0, 4], [1, 6], [2, 7], [2, 8], [10, 14]]",-0.057777777777777775,30,870,0,"{""-2"": 22, ""-1"": 8, ""0"": 870}","{""2"": 210, ""3"": 300, ""4"": 382, ""5"": 8}"
zero_odd_132,False,"[[0, 4], [1, 6], [2, 7], [3, 8], [5, 10]]",-0.057777777777777775,30,870,0,"{""-2"": 22, ""-1"": 8, ""0"": 870}","{""2"": 210, ""3"": 300, ""4"": 382, ""5"": 8}"
zero_odd_133,False,"[[0, 4], [1, 6], [2, 7], [3, 8], [5, 14]]",-0.057777777777777775,30,870,0,"{""-2"": 22, ""-1"": 8, ""0"": 870}","{""2"": 210, ""3"": 300, ""4"": 382, ""5"": 8}"
zero_odd_134,False,"[[0, 4], [1, 6], [2, 7], [3, 8], [10, 14]]",-0.057777777777777775,30,870,0,"{""-2"": 22, ""-1"": 8, ""0"": 870}","{""2"": 210, ""3"": 300, ""4"": 382, ""5"": 8}"
zero_odd_135,False,"[[0, 5], [0, 6], [1, 2], [2, 3], [5, 10]]",-0.057777777777777775,30,870,0,"{""-2"": 22, ""-1"": 8, ""0"": 870}","{""2"": 210, ""3"": 300, ""4"": 382, ""5"": 8}"
zero_odd_136,False,"[[0, 5], [0, 6], [1, 2], [2, 3], [5, 14]]",-0.057777777777777775,30,870,0,"{""-2"": 22, ""-1"": 8, ""0"": 870}","{""2"": 210, ""3"": 300, ""4"": 382, ""5"": 8}"
zero_odd_137,False,"[[0, 5], [0, 6], [1, 2], [2, 3], [10, 14]]",-0.057777777777777775,30,870,0,"{""-2"": 22, ""-1"": 8, ""0"": 870}","{""2"": 210, ""3"": 300, ""4"": 382, ""5"": 8}"
zero_odd_138,False,"[[0, 5], [0, 6], [1, 2], [2, 8], [5, 10]]",-0.057777777777777775,30,870,0,"{""-2"": 22, ""-1"": 8, ""0"": 870}","{""2"": 210, ""3"": 300, ""4"": 382, ""5"": 8}"
zero_odd_139,False,"[[0, 5], [0, 6], [1, 2], [2, 8], [5, 14]]",-0.057777777777777775,30,870,0,"{""-2"": 22, ""-1"": 8, ""0"": 870}","{""2"": 210, ""3"": 300, ""4"": 382, ""5"": 8}"
zero_odd_140,False,"[[0, 5], [0, 6], [1, 2], [2, 8], [10, 14]]",-0.05555555555555555,28,872,0,"{""-2"": 22, ""-1"": 6, ""0"": 872}","{""2"": 210, ""3"": 300, ""4"": 382, ""5"": 6, ""6"": 2}"
zero_odd_141,False,"[[0, 5], [0, 6], [1, 2], [3, 8], [5, 10]]",-0.057777777777777775,30,870,0,"{""-2"": 22, ""-1"": 8, ""0"": 870}","{""2"": 210, ""3"": 300, ""4"": 382, ""5"": 8}"
zero_odd_142,False,"[[0, 5], [0, 6], [1, 2], [3, 8], [5, 14]]",-0.057777777777777775,30,870,0,"{""-2"": 22, ""-1"": 8, ""0"": 870}","{""2"": 210, ""3"": 300, ""4"": 382, ""5"": 8}"
zero_odd_143,False,"[[0, 5], [0, 6], [1, 2], [3, 8], [10, 14]]",-0.05555555555555555,28,872,0,"{""-2"": 22, ""-1"": 6, ""0"": 872}","{""2"": 210, ""3"": 300, ""4"": 382, ""5"": 6, ""6"": 2}"
zero_odd_144,False,"[[0, 5], [0, 6], [1, 7], [2, 3], [5, 10]]",-0.057777777777777775,30,870,0,"{""-2"": 22, ""-1"": 8, ""0"": 870}","{""2"": 210, ""3"": 300, ""4"": 382, ""5"": 8}"
zero_odd_145,False,"[[0, 5], [0, 6], [1, 7], [2, 3], [5, 14]]",-0.057777777777777775,30,870,0,"{""-2"": 22, ""-1"": 8, ""0"": 870}","{""2"": 210, ""3"": 300, ""4"": 382, ""5"": 8}"
zero_odd_146,False,"[[0, 5], [0, 6], [1, 7], [2, 3], [10, 14]]",-0.057777777777777775,30,870,0,"{""-2"": 22, ""-1"": 8, ""0"": 870}","{""2"": 210, ""3"": 300, ""4"": 382, ""5"": 8}"
zero_odd_147,False,"[[0, 5], [0, 6], [1, 7], [2, 8], [5, 10]]",-0.057777777777777775,30,870,0,"{""-2"": 22, ""-1"": 8, ""0"": 870}","{""2"": 210, ""3"": 300, ""4"": 382, ""5"": 8}"
zero_odd_148,False,"[[0, 5], [0, 6], [1, 7], [2, 8], [5, 14]]",-0.057777777777777775,30,870,0,"{""-2"": 22, ""-1"": 8, ""0"": 870}","{""2"": 210, ""3"": 300, ""4"": 382, ""5"": 8}"
zero_odd_149,False,"[[0, 5], [0, 6], [1, 7], [2, 8], [10, 14]]",-0.057777777777777775,30,870,0,"{""-2"": 22, ""-1"": 8, ""0"": 870}","{""2"": 210, ""3"": 300, ""4"": 382, ""5"": 8}"
zero_odd_150,False,"[[0, 5], [0, 6], [1, 7], [3, 8], [5, 10]]",-0.057777777777777775,30,870,0,"{""-2"": 22, ""-1"": 8, ""0"": 870}","{""2"": 210, ""3"": 300, ""4"": 382, ""5"": 8}"
zero_odd_151,False,"[[0, 5], [0, 6], [1, 7], [3, 8], [5, 14]]",-0.057777777777777775,30,870,0,"{""-2"": 22, ""-1"": 8, ""0"": 870}","{""2"": 210, ""3"": 300, ""4"": 382, ""5"": 8}"
zero_odd_152,False,"[[0, 5], [0, 6], [1, 7], [3, 8], [10, 14]]",-0.057777777777777775,30,870,0,"{""-2"": 22, ""-1"": 8, ""0"": 870}","{""2"": 210, ""3"": 300, ""4"": 382, ""5"": 8}"
zero_odd_153,False,"[[0, 5], [0, 6], [2, 3], [2, 7], [5, 10]]",-0.057777777777777775,30,870,0,"{""-2"": 22, ""-1"": 8, ""0"": 870}","{""2"": 210, ""3"": 300, ""4"": 382, ""5"": 8}"
zero_odd_154,False,"[[0, 5], [0, 6], [2, 3], [2, 7], [5, 14]]",-0.057777777777777775,30,870,0,"{""-2"": 22, ""-1"": 8, ""0"": 870}","{""2"": 210, ""3"": 300, ""4"": 382, ""5"": 8}"
zero_odd_155,False,"[[0, 5], [0, 6], [2, 3], [2, 7], [10, 14]]",-0.05555555555555555,28,872,0,"{""-2"": 22, ""-1"": 6, ""0"": 872}","{""2"": 210, ""3"": 300, ""4"": 382, ""5"": 6, ""6"": 2}"
zero_odd_156,False,"[[0, 5], [0, 6], [2, 7], [2, 8], [5, 10]]",-0.057777777777777775,30,870,0,"{""-2"": 22, ""-1"": 8, ""0"": 870}","{""2"": 210, ""3"": 300, ""4"": 382, ""5"": 8}"
zero_odd_157,False,"[[0, 5], [0, 6], [2, 7], [2, 8], [5, 14]]",-0.057777777777777775,30,870,0,"{""-2"": 22, ""-1"": 8, ""0"": 870}","{""2"": 210, ""3"": 300, ""4"": 382, ""5"": 8}"
zero_odd_158,False,"[[0, 5], [0, 6], [2, 7], [2, 8], [10, 14]]",-0.057777777777777775,30,870,0,"{""-2"": 22, ""-1"": 8, ""0"": 870}","{""2"": 210, ""3"": 300, ""4"": 382, ""5"": 8}"
zero_odd_159,False,"[[0, 5], [0, 6], [2, 7], [3, 8], [5, 10]]",-0.057777777777777775,30,870,0,"{""-2"": 22, ""-1"": 8, ""0"": 870}","{""2"": 210, ""3"": 300, ""4"": 382, ""5"": 8}"
zero_odd_160,False,"[[0, 5], [0, 6], [2, 7], [3, 8], [5, 14]]",-0.057777777777777775,30,870,0,"{""-2"": 22, ""-1"": 8, ""0"": 870}","{""2"": 210, ""3"": 300, ""4"": 382, ""5"": 8}"
zero_odd_161,False,"[[0, 5], [0, 6], [2, 7], [3, 8], [10, 14]]",-0.057777777777777775,30,870,0,"{""-2"": 22, ""-1"": 8, ""0"": 870}","{""2"": 210, ""3"": 300, ""4"": 382, ""5"": 8}"
zero_odd_162,False,"[[0, 5], [1, 2], [1, 6], [2, 3], [5, 10]]",-0.057777777777777775,30,870,0,"{""-2"": 22, ""-1"": 8, ""0"": 870}","{""2"": 210, ""3"": 300, ""4"": 382, ""5"": 8}"
zero_odd_163,False,"[[0, 5], [1, 2], [1, 6], [2, 3], [5, 14]]",-0.057777777777777775,30,870,0,"{""-2"": 22, ""-1"": 8, ""0"": 870}","{""2"": 210, ""3"": 300, ""4"": 382, ""5"": 8}"
zero_odd_164,False,"[[0, 5], [1, 2], [1, 6], [2, 3], [10, 14]]",-0.057777777777777775,30,870,0,"{""-2"": 22, ""-1"": 8, ""0"": 870}","{""2"": 210, ""3"": 300, ""4"": 382, ""5"": 8}"
zero_odd_165,False,"[[0, 5], [1, 2], [1, 6], [2, 8], [5, 10]]",-0.057777777777777775,30,870,0,"{""-2"": 22, ""-1"": 8, ""0"": 870}","{""2"": 210, ""3"": 300, ""4"": 382, ""5"": 8}"
zero_odd_166,False,"[[0, 5], [1, 2], [1, 6], [2, 8], [5, 14]]",-0.057777777777777775,30,870,0,"{""-2"": 22, ""-1"": 8, ""0"": 870}","{""2"": 210, ""3"": 300, ""4"": 382, ""5"": 8}"
zero_odd_167,False,"[[0, 5], [1, 2], [1, 6], [2, 8], [10, 14]]",-0.057777777777777775,30,870,0,"{""-2"": 22, ""-1"": 8, ""0"": 870}","{""2"": 210, ""3"": 300, ""4"": 382, ""5"": 8}"
zero_odd_168,False,"[[0, 5], [1, 2], [1, 6], [3, 8], [5, 10]]",-0.057777777777777775,30,870,0,"{""-2"": 22, ""-1"": 8, ""0"": 870}","{""2"": 210, ""3"": 300, ""4"": 382, ""5"": 8}"
zero_odd_169,False,"[[0, 5], [1, 2], [1, 6], [3, 8], [5, 14]]",-0.05555555555555555,28,872,0,"{""-2"": 22, ""-1"": 6, ""0"": 872}","{""2"": 210, ""3"": 300, ""4"": 382, ""5"": 6, ""6"": 2}"
zero_odd_170,False,"[[0, 5], [1, 2], [1, 6], [3, 8], [10, 14]]",-0.05555555555555555,28,872,0,"{""-2"": 22, ""-1"": 6, ""0"": 872}","{""2"": 210, ""3"": 300, ""4"": 382, ""5"": 6, ""6"": 2}"
zero_odd_171,False,"[[0, 5], [1, 6], [1, 7], [2, 3], [5, 10]]",-0.057777777777777775,30,870,0,"{""-2"": 22, ""-1"": 8, ""0"": 870}","{""2"": 210, ""3"": 300, ""4"": 382, ""5"": 8}"
zero_odd_172,False,"[[0, 5], [1, 6], [1, 7], [2, 3], [5, 14]]",-0.057777777777777775,30,870,0,"{""-2"": 22, ""-1"": 8, ""0"": 870}","{""2"": 210, ""3"": 300, ""4"": 382, ""5"": 8}"
zero_odd_173,False,"[[0, 5], [1, 6], [1, 7], [2, 3], [10, 14]]",-0.057777777777777775,30,870,0,"{""-2"": 22, ""-1"": 8, ""0"": 870}","{""2"": 210, ""3"": 300, ""4"": 382, ""5"": 8}"
zero_odd_174,False,"[[0, 5], [1, 6], [1, 7], [2, 8], [5, 10]]",-0.057777777777777775,30,870,0,"{""-2"": 22, ""-1"": 8, ""0"": 870}","{""2"": 210, ""3"": 300, ""4"": 382, ""5"": 8}"
zero_odd_175,False,"[[0, 5], [1, 6], [1, 7], [2, 8], [5, 14]]",-0.057777777777777775,30,870,0,"{""-2"": 22, ""-1"": 8, ""0"": 870}","{""2"": 210, ""3"": 300, ""4"": 382, ""5"": 8}"
zero_odd_176,False,"[[0, 5], [1, 6], [1, 7], [2, 8], [10, 14]]",-0.05555555555555555,28,872,0,"{""-2"": 22, ""-1"": 6, ""0"": 872}","{""2"": 210, ""3"": 300, ""4"": 382, ""5"": 6, ""6"": 2}"
zero_odd_177,False,"[[0, 5], [1, 6], [1, 7], [3, 8], [5, 10]]",-0.057777777777777775,30,870,0,"{""-2"": 22, ""-1"": 8, ""0"": 870}","{""2"": 210, ""3"": 300, ""4"": 382, ""5"": 8}"
zero_odd_178,False,"[[0, 5], [1, 6], [1, 7], [3, 8], [5, 14]]",-0.05555555555555555,28,872,0,"{""-2"": 22, ""-1"": 6, ""0"": 872}","{""2"": 210, ""3"": 300, ""4"": 382, ""5"": 6, ""6"": 2}"
zero_odd_179,False,"[[0, 5], [1, 6], [1, 7], [3, 8], [10, 14]]",-0.04888888888888889,22,878,0,"{""-2"": 22, ""0"": 878}","{""2"": 210, ""3"": 300, ""4"": 382, ""6"": 8}"
zero_odd_180,False,"[[0, 5], [1, 6], [2, 3], [2, 7], [5, 10]]",-0.057777777777777775,30,870,0,"{""-2"": 22, ""-1"": 8, ""0"": 870}","{""2"": 210, ""3"": 300, ""4"": 382, ""5"": 8}"
zero_odd_181,False,"[[0, 5], [1, 6], [2, 3], [2, 7], [5, 14]]",-0.057777777777777775,30,870,0,"{""-2"": 22, ""-1"": 8, ""0"": 870}","{""2"": 210, ""3"": 300, ""4"": 382, ""5"": 8}"
zero_odd_182,False,"[[0, 5], [1, 6], [2, 3], [2, 7], [10, 14]]",-0.057777777777777775,30,870,0,"{""-2"": 22, ""-1"": 8, ""0"": 870}","{""2"": 210, ""3"": 300, ""4"": 382, ""5"": 8}"
zero_odd_183,False,"[[0, 5], [1, 6], [2, 7], [2, 8], [5, 10]]",-0.057777777777777775,30,870,0,"{""-2"": 22, ""-1"": 8, ""0"": 870}","{""2"": 210, ""3"": 300, ""4"": 382, ""5"": 8}"
zero_odd_184,False,"[[0, 5], [1, 6], [2, 7], [2, 8], [5, 14]]",-0.057777777777777775,30,870,0,"{""-2"": 22, ""-1"": 8, ""0"": 870}","{""2"": 210, ""3"": 300, ""4"": 382, ""5"": 8}"
zero_odd_185,False,"[[0, 5], [1, 6], [2, 7], [2, 8], [10, 14]]",-0.057777777777777775,30,870,0,"{""-2"": 22, ""-1"": 8, ""0"": 870}","{""2"": 210, ""3"": 300, ""4"": 382, ""5"": 8}"
zero_odd_186,False,"[[0, 5], [1, 6], [2, 7], [3, 8], [5, 10]]",-0.057777777777777775,30,870,0,"{""-2"": 22, ""-1"": 8, ""0"": 870}","{""2"": 210, ""3"": 300, ""4"": 382, ""5"": 8}"
zero_odd_187,False,"[[0, 5], [1, 6], [2, 7], [3, 8], [5, 14]]",-0.057777777777777775,30,870,0,"{""-2"": 22, ""-1"": 8, ""0"": 870}","{""2"": 210, ""3"": 300, ""4"": 382, ""5"": 8}"
zero_odd_188,False,"[[0, 5], [1, 6], [2, 7], [3, 8], [10, 14]]",-0.05555555555555555,28,872,0,"{""-2"": 22, ""-1"": 6, ""0"": 872}","{""2"": 210, ""3"": 300, ""4"": 382, ""5"": 6, ""6"": 2}"
zero_odd_189,False,"[[0, 6], [1, 2], [2, 3], [4, 5], [5, 10]]",-0.057777777777777775,30,870,0,"{""-2"": 22, ""-1"": 8, ""0"": 870}","{""2"": 210, ""3"": 300, ""4"": 382, ""5"": 8}"
zero_odd_190,False,"[[0, 6], [1, 2], [2, 3], [4, 5], [5, 14]]",-0.057777777777777775,30,870,0,"{""-2"": 22, ""-1"": 8, ""0"": 870}","{""2"": 210, ""3"": 300, ""4"": 382, ""5"": 8}"
zero_odd_191,False,"[[0, 6], [1, 2], [2, 3], [4, 5], [10, 14]]",-0.057777777777777775,30,870,0,"{""-2"": 22, ""-1"": 8, ""0"": 870}","{""2"": 210, ""3"": 300, ""4"": 382, ""5"": 8}"
zero_odd_192,False,"[[0, 6], [1, 2], [2, 8], [4, 5], [5, 10]]",-0.057777777777777775,30,870,0,"{""-2"": 22, ""-1"": 8, ""0"": 870}","{""2"": 210, ""3"": 300, ""4"": 382, ""5"": 8}"
zero_odd_193,False,"[[0, 6], [1, 2], [2, 8], [4, 5], [5, 14]]",-0.057777777777777775,30,870,0,"{""-2"": 22, ""-1"": 8, ""0"": 870}","{""2"": 210, ""3"": 300, ""4"": 382, ""5"": 8}"
zero_odd_194,False,"[[0, 6], [1, 2], [2, 8], [4, 5], [10, 14]]",-0.057777777777777775,30,870,0,"{""-2"": 22, ""-1"": 8, ""0"": 870}","{""2"": 210, ""3"": 300, ""4"": 382, ""5"": 8}"
zero_odd_195,False,"[[0, 6], [1, 2], [3, 8], [4, 5], [5, 10]]",-0.057777777777777775,30,870,0,"{""-2"": 22, ""-1"": 8, ""0"": 870}","{""2"": 210, ""3"": 300, ""4"": 382, ""5"": 8}"
zero_odd_196,False,"[[0, 6], [1, 2], [3, 8], [4, 5], [5, 14]]",-0.057777777777777775,30,870,0,"{""-2"": 22, ""-1"": 8, ""0"": 870}","{""2"": 210, ""3"": 300, ""4"": 382, ""5"": 8}"
zero_odd_197,False,"[[0, 6], [1, 2], [3, 8], [4, 5], [10, 14]]",-0.05555555555555555,28,872,0,"{""-2"": 22, ""-1"": 6, ""0"": 872}","{""2"": 210, ""3"": 300, ""4"": 382, ""5"": 6, ""6"": 2}"
zero_odd_198,False,"[[0, 6], [1, 7], [2, 3], [4, 5], [5, 10]]",-0.057777777777777775,30,870,0,"{""-2"": 22, ""-1"": 8, ""0"": 870}","{""2"": 210, ""3"": 300, ""4"": 382, ""5"": 8}"
zero_odd_199,False,"[[0, 6], [1, 7], [2, 3], [4, 5], [5, 14]]",-0.057777777777777775,30,870,0,"{""-2"": 22, ""-1"": 8, ""0"": 870}","{""2"": 210, ""3"": 300, ""4"": 382, ""5"": 8}"
zero_odd_200,False,"[[0, 6], [1, 7], [2, 3], [4, 5], [10, 14]]",-0.057777777777777775,30,870,0,"{""-2"": 22, ""-1"": 8, ""0"": 870}","{""2"": 210, ""3"": 300, ""4"": 382, ""5"": 8}"
zero_odd_201,False,"[[0, 6], [1, 7], [2, 8], [4, 5], [5, 10]]",-0.057777777777777775,30,870,0,"{""-2"": 22, ""-1"": 8, ""0"": 870}","{""2"": 210, ""3"": 300, ""4"": 382, ""5"": 8}"
zero_odd_202,False,"[[0, 6], [1, 7], [2, 8], [4, 5], [5, 14]]",-0.057777777777777775,30,870,0,"{""-2"": 22, ""-1"": 8, ""0"": 870}","{""2"": 210, ""3"": 300, ""4"": 382, ""5"": 8}"
zero_odd_203,False,"[[0, 6], [1, 7], [2, 8], [4, 5], [10, 14]]",-0.057777777777777775,30,870,0,"{""-2"": 22, ""-1"": 8, ""0"": 870}","{""2"": 210, ""3"": 300, ""4"": 382, ""5"": 8}"
zero_odd_204,False,"[[0, 6], [1, 7], [3, 8], [4, 5], [5, 10]]",-0.057777777777777775,30,870,0,"{""-2"": 22, ""-1"": 8, ""0"": 870}","{""2"": 210, ""3"": 300, ""4"": 382, ""5"": 8}"
zero_odd_205,False,"[[0, 6], [1, 7], [3, 8], [4, 5], [5, 14]]",-0.057777777777777775,30,870,0,"{""-2"": 22, ""-1"": 8, ""0"": 870}","{""2"": 210, ""3"": 300, ""4"": 382, ""5"": 8}"
zero_odd_206,False,"[[0, 6], [1, 7], [3, 8], [4, 5], [10, 14]]",-0.057777777777777775,30,870,0,"{""-2"": 22, ""-1"": 8, ""0"": 870}","{""2"": 210, ""3"": 300, ""4"": 382, ""5"": 8}"
zero_odd_207,False,"[[0, 6], [2, 3], [2, 7], [4, 5], [5, 10]]",-0.057777777777777775,30,870,0,"{""-2"": 22, ""-1"": 8, ""0"": 870}","{""2"": 210, ""3"": 300, ""4"": 382, ""5"": 8}"
zero_odd_208,False,"[[0, 6], [2, 3], [2, 7], [4, 5], [5, 14]]",-0.057777777777777775,30,870,0,"{""-2"": 22, ""-1"": 8, ""0"": 870}","{""2"": 210, ""3"": 300, ""4"": 382, ""5"": 8}"
zero_odd_209,False,"[[0, 6], [2, 3], [2, 7], [4, 5], [10, 14]]",-0.057777777777777775,30,870,0,"{""-2"": 22, ""-1"": 8, ""0"": 870}","{""2"": 210, ""3"": 300, ""4"": 382, ""5"": 8}"
zero_odd_210,False,"[[0, 6], [2, 7], [2, 8], [4, 5], [5, 10]]",-0.057777777777777775,30,870,0,"{""-2"": 22, ""-1"": 8, ""0"": 870}","{""2"": 210, ""3"": 300, ""4"": 382, ""5"": 8}"
zero_odd_211,False,"[[0, 6], [2, 7], [2, 8], [4, 5], [5, 14]]",-0.057777777777777775,30,870,0,"{""-2"": 22, ""-1"": 8, ""0"": 870}","{""2"": 210, ""3"": 300, ""4"": 382, ""5"": 8}"
zero_odd_212,False,"[[0, 6], [2, 7], [2, 8], [4, 5], [10, 14]]",-0.057777777777777775,30,870,0,"{""-2"": 22, ""-1"": 8, ""0"": 870}","{""2"": 210, ""3"": 300, ""4"": 382, ""5"": 8}"
zero_odd_213,False,"[[0, 6], [2, 7], [3, 8], [4, 5], [5, 10]]",-0.057777777777777775,30,870,0,"{""-2"": 22, ""-1"": 8, ""0"": 870}","{""2"": 210, ""3"": 300, ""4"": 382, ""5"": 8}"
zero_odd_214,False,"[[0, 6], [2, 7], [3, 8], [4, 5], [5, 14]]",-0.057777777777777775,30,870,0,"{""-2"": 22, ""-1"": 8, ""0"": 870}","{""2"": 210, ""3"": 300, ""4"": 382, ""5"": 8}"
zero_odd_215,False,"[[0, 6], [2, 7], [3, 8], [4, 5], [10, 14]]",-0.057777777777777775,30,870,0,"{""-2"": 22, ""-1"": 8, ""0"": 870}","{""2"": 210, ""3"": 300, ""4"": 382, ""5"": 8}"
zero_odd_216,False,"[[1, 2], [1, 6], [2, 3], [4, 5], [5, 10]]",-0.057777777777777775,30,870,0,"{""-2"": 22, ""-1"": 8, ""0"": 870}","{""2"": 210, ""3"": 300, ""4"": 382, ""5"": 8}"
zero_odd_217,False,"[[1, 2], [1, 6], [2, 3], [4, 5], [5, 14]]",-0.057777777777777775,30,870,0,"{""-2"": 22, ""-1"": 8, ""0"": 870}","{""2"": 210, ""3"": 300, ""4"": 382, ""5"": 8}"
zero_odd_218,False,"[[1, 2], [1, 6], [2, 3], [4, 5], [10, 14]]",-0.057777777777777775,30,870,0,"{""-2"": 22, ""-1"": 8, ""0"": 870}","{""2"": 210, ""3"": 300, ""4"": 382, ""5"": 8}"
zero_odd_219,False,"[[1, 2], [1, 6], [2, 8], [4, 5], [5, 10]]",-0.057777777777777775,30,870,0,"{""-2"": 22, ""-1"": 8, ""0"": 870}","{""2"": 210, ""3"": 300, ""4"": 382, ""5"": 8}"
zero_odd_220,False,"[[1, 2], [1, 6], [2, 8], [4, 5], [5, 14]]",-0.057777777777777775,30,870,0,"{""-2"": 22, ""-1"": 8, ""0"": 870}","{""2"": 210, ""3"": 300, ""4"": 382, ""5"": 8}"
zero_odd_221,False,"[[1, 2], [1, 6], [2, 8], [4, 5], [10, 14]]",-0.057777777777777775,30,870,0,"{""-2"": 22, ""-1"": 8, ""0"": 870}","{""2"": 210, ""3"": 300, ""4"": 382, ""5"": 8}"
zero_odd_222,False,"[[1, 2], [1, 6], [3, 8], [4, 5], [5, 10]]",-0.05555555555555555,28,872,0,"{""-2"": 22, ""-1"": 6, ""0"": 872}","{""2"": 210, ""3"": 300, ""4"": 382, ""5"": 6, ""6"": 2}"
zero_odd_223,False,"[[1, 2], [1, 6], [3, 8], [4, 5], [5, 14]]",-0.057777777777777775,30,870,0,"{""-2"": 22, ""-1"": 8, ""0"": 870}","{""2"": 210, ""3"": 300, ""4"": 382, ""5"": 8}"
zero_odd_224,False,"[[1, 2], [1, 6], [3, 8], [4, 5], [10, 14]]",-0.057777777777777775,30,870,0,"{""-2"": 22, ""-1"": 8, ""0"": 870}","{""2"": 210, ""3"": 300, ""4"": 382, ""5"": 8}"
zero_odd_225,False,"[[1, 6], [1, 7], [2, 3], [4, 5], [5, 10]]",-0.057777777777777775,30,870,0,"{""-2"": 22, ""-1"": 8, ""0"": 870}","{""2"": 210, ""3"": 300, ""4"": 382, ""5"": 8}"
zero_odd_226,False,"[[1, 6], [1, 7], [2, 3], [4, 5], [5, 14]]",-0.057777777777777775,30,870,0,"{""-2"": 22, ""-1"": 8, ""0"": 870}","{""2"": 210, ""3"": 300, ""4"": 382, ""5"": 8}"
zero_odd_227,False,"[[1, 6], [1, 7], [2, 3], [4, 5], [10, 14]]",-0.057777777777777775,30,870,0,"{""-2"": 22, ""-1"": 8, ""0"": 870}","{""2"": 210, ""3"": 300, ""4"": 382, ""5"": 8}"
zero_odd_228,False,"[[1, 6], [1, 7], [2, 8], [4, 5], [5, 10]]",-0.057777777777777775,30,870,0,"{""-2"": 22, ""-1"": 8, ""0"": 870}","{""2"": 210, ""3"": 300, ""4"": 382, ""5"": 8}"
zero_odd_229,False,"[[1, 6], [1, 7], [2, 8], [4, 5], [5, 14]]",-0.057777777777777775,30,870,0,"{""-2"": 22, ""-1"": 8, ""0"": 870}","{""2"": 210, ""3"": 300, ""4"": 382, ""5"": 8}"
zero_odd_230,False,"[[1, 6], [1, 7], [2, 8], [4, 5], [10, 14]]",-0.057777777777777775,30,870,0,"{""-2"": 22, ""-1"": 8, ""0"": 870}","{""2"": 210, ""3"": 300, ""4"": 382, ""5"": 8}"
zero_odd_231,False,"[[1, 6], [1, 7], [3, 8], [4, 5], [5, 10]]",-0.05555555555555555,28,872,0,"{""-2"": 22, ""-1"": 6, ""0"": 872}","{""2"": 210, ""3"": 300, ""4"": 382, ""5"": 6, ""6"": 2}"
zero_odd_232,False,"[[1, 6], [1, 7], [3, 8], [4, 5], [5, 14]]",-0.057777777777777775,30,870,0,"{""-2"": 22, ""-1"": 8, ""0"": 870}","{""2"": 210, ""3"": 300, ""4"": 382, ""5"": 8}"
zero_odd_233,False,"[[1, 6], [1, 7], [3, 8], [4, 5], [10, 14]]",-0.05555555555555555,28,872,0,"{""-2"": 22, ""-1"": 6, ""0"": 872}","{""2"": 210, ""3"": 300, ""4"": 382, ""5"": 6, ""6"": 2}"
zero_odd_234,False,"[[1, 6], [2, 3], [2, 7], [4, 5], [5, 10]]",-0.057777777777777775,30,870,0,"{""-2"": 22, ""-1"": 8, ""0"": 870}","{""2"": 210, ""3"": 300, ""4"": 382, ""5"": 8}"
zero_odd_235,False,"[[1, 6], [2, 3], [2, 7], [4, 5], [5, 14]]",-0.057777777777777775,30,870,0,"{""-2"": 22, ""-1"": 8, ""0"": 870}","{""2"": 210, ""3"": 300, ""4"": 382, ""5"": 8}"
zero_odd_236,False,"[[1, 6], [2, 3], [2, 7], [4, 5], [10, 14]]",-0.057777777777777775,30,870,0,"{""-2"": 22, ""-1"": 8, ""0"": 870}","{""2"": 210, ""3"": 300, ""4"": 382, ""5"": 8}"
zero_odd_237,False,"[[1, 6], [2, 7], [2, 8], [4, 5], [5, 10]]",-0.057777777777777775,30,870,0,"{""-2"": 22, ""-1"": 8, ""0"": 870}","{""2"": 210, ""3"": 300, ""4"": 382, ""5"": 8}"
zero_odd_238,False,"[[1, 6], [2, 7], [2, 8], [4, 5], [5, 14]]",-0.057777777777777775,30,870,0,"{""-2"": 22, ""-1"": 8, ""0"": 870}","{""2"": 210, ""3"": 300, ""4"": 382, ""5"": 8}"
zero_odd_239,False,"[[1, 6], [2, 7], [2, 8], [4, 5], [10, 14]]",-0.057777777777777775,30,870,0,"{""-2"": 22, ""-1"": 8, ""0"": 870}","{""2"": 210, ""3"": 300, ""4"": 382, ""5"": 8}"
zero_odd_240,False,"[[1, 6], [2, 7], [3, 8], [4, 5], [5, 10]]",-0.057777777777777775,30,870,0,"{""-2"": 22, ""-1"": 8, ""0"": 870}","{""2"": 210, ""3"": 300, ""4"": 382, ""5"": 8}"
zero_odd_241,False,"[[1, 6], [2, 7], [3, 8], [4, 5], [5, 14]]",-0.057777777777777775,30,870,0,"{""-2"": 22, ""-1"": 8, ""0"": 870}","{""2"": 210, ""3"": 300, ""4"": 382, ""5"": 8}"
zero_odd_242,False,"[[1, 6], [2, 7], [3, 8], [4, 5], [10, 14]]",-0.057777777777777775,30,870,0,"{""-2"": 22, ""-1"": 8, ""0"": 870}","{""2"": 210, ""3"": 300, ""4"": 382, ""5"": 8}"
